v2_path,v1_path,v1_commit,imported_on,deviations
engine/constants.asm,engine/constants.asm,1d3db8b7edf02f7a73b55bea8c3eeb0a7fd389f1,2026-07-31,equates moveByScript.* deplacees ici depuis moveByScript.asm (frontiere de lien) + Irq_one_frame/Irq_one_line recus depuis Irq.asm
engine/macros.asm,engine/macros.asm,cacf9b3c321b1d216ba08383b5979ae96d420b1a,2026-07-31,
engine/irq/Irq.asm,engine/irq/Irq.asm,ee123fff26f5271f47a83b4a2a5f2fab8151167f,2026-07-31,setdp neutralized (obj target) + Irq_one_frame/Irq_one_line deplacees vers constants.asm (frontiere de lien)
engine/graphics/buffer/gfxlock.asm,engine/graphics/buffer/gfxlock.asm,ec9d4b60f6fea5d61327409a595e4aeafe3fc464,2026-08-19,
engine/graphics/buffer/gfxlock.macro.asm,engine/graphics/buffer/gfxlock.macro.asm,bc2a6189e4b620af6d2fa9a6bbeee86a850e6dc9,2026-07-31,OverlayMode: PRC bit 0 epingle a l'init au lieu de suivre la parite buffer (plus de cellules de backup en overlay - la demi-page 0 devient de la RAM stable)
engine/palette/PalUpdateNow.asm,engine/palette/PalUpdateNow.asm,ec0fdcdcde5ca5769dc56ebed5d1f7ba5cfb5067,2026-07-31,setdp neutralized (obj target)
engine/palette/PalUpdateNowLean.asm,engine/palette/PalUpdateNowLean.asm,d5c2811cf01c83c94d0a3000642d83de45dc64fd,2026-07-31,setdp neutralized (obj target)
engine/InitGlobals.asm,engine/InitGlobals.asm,cf6e765e147b1a17c46e20eabb07bdb9980425ed,2026-07-31,OverlayMode: epingle PRC bit 0 en tete (la demi-page 0 porte le pool d'objets - premier geste avant tout acces OST)
engine/keyboard/ReadKeyboard.asm,engine/keyboard/ReadKeyboard.asm,054daefca4d714c6c2d018d2e8ac70a89ac20ee6,2026-07-31,
engine/keyboard/MapKeyboardToJoypads.asm,engine/keyboard/MapKeyboardToJoypads.asm,054daefca4d714c6c2d018d2e8ac70a89ac20ee6,2026-07-31,
engine/ram/BankSwitch.asm,engine/ram/BankSwitch.asm,f873642ee58b8c6d294d174a68d1124392daf3ae,2026-07-31,
engine/ram/ClearDataMemory.asm,engine/ram/ClearDataMemory.asm,44f78add41b5dc2813f87f7b92361e3e55742e79,2026-07-31,import 1:1 — efface les 16 Ko de la fenetre donnees. Cable le 2026-08-04 dans l'unite montee checkpoint (v1 le garde resident) ; couleur passee par U et non X — V2-DEVIATION imposee par paged.call
engine/math/RandomNumber.asm,engine/math/RandomNumber.asm,736d8370c22d8608160c91cdeefe5fe9247c217c,2026-07-31,
engine/system/to8/memory-map.equ,engine/system/to8/memory-map.equ,549c7db3cfee7f550060fa7f44266a614504f527,2026-07-31,
engine/sound/ymm.asm,engine/objects/sound/ymm/ymm.asm,2eae7b21fb37d59ebb974b955dba2598933690d9,2026-08-15,KEPT-V2: v2-native player (EXPORT/load-time link + dynamic sound ports) ; watch v1 - manual resync ; 2026-08-15 private stack IRQ-masked (see migration/ymm-private-stack-irq.md)
engine/sound/ymm.const.asm,engine/objects/sound/ymm/ymm.const.asm,9929431cc9117fbbabe4e98a31fd16716e1ec2a5,2026-07-31,KEPT-V2: v2-native player (EXPORT/load-time link + dynamic sound ports) ; watch v1 - manual resync
engine/sound/ymm.macro.asm,engine/objects/sound/ymm/ymm.macro.asm,9929431cc9117fbbabe4e98a31fd16716e1ec2a5,2026-07-31,KEPT-V2: v2-native player (EXPORT/load-time link + dynamic sound ports) ; watch v1 - manual resync
engine/sound/vgc.asm,engine/objects/sound/vgc/vgc.asm,e169e3967dfbd78d55dffd2f0b88b513cacd4db0,2026-07-31,KEPT-V2: v2-native player (EXPORT/load-time link + dynamic sound ports) ; watch v1 - manual resync
engine/pack/ymm.asm,engine/objects/sound/ymm/ymm.asm,2eae7b21fb37d59ebb974b955dba2598933690d9,2026-07-31,KEPT-V2: v2-native player (EXPORT/load-time link + dynamic sound ports) ; watch v1 - manual resync
engine/pack/vgc.asm,engine/objects/sound/vgc/vgc.asm,e169e3967dfbd78d55dffd2f0b88b513cacd4db0,2026-07-31,KEPT-V2: v2-native player (EXPORT/load-time link + dynamic sound ports) ; watch v1 - manual resync
engine/sound/sn76489.asm,engine/sound/sn76489.asm,33894e62154c7a1ed8a6edb304d003a9a33d7d71,2026-07-31,KEPT-V2: v2-native player (EXPORT/load-time link + dynamic sound ports) ; watch v1 - manual resync
engine/sound/ym2413.asm,engine/sound/ym2413.asm,33894e62154c7a1ed8a6edb304d003a9a33d7d71,2026-07-31,KEPT-V2: v2-native player (EXPORT/load-time link + dynamic sound ports) ; watch v1 - manual resync
engine/compression/zx0/zx0_6809_mega.asm,engine/compression/zx0/zx0_6809_mega.asm,549c7db3cfee7f550060fa7f44266a614504f527,2026-07-31,"KEPT-V2 + align dropped : the self modified bytes are reached extended instead of through DP, so the routine no longer constrains its own placement (+12 bytes, ~6% slower) ; bsr zx0_reload became lbsr ; DP no longer saved and ZX0_DISABLE_SAVE_REGS removed, CC always saved"
engine/compression/zx0/zx0_6809_mega_back.asm,engine/compression/zx0/zx0_6809_mega_back.asm,549c7db3cfee7f550060fa7f44266a614504f527,2026-07-31,KEPT-V2: v2-adapted decompressor (loader/cdataz integration) ; watch v1 - manual resync
engine/compression/zx0/zx0_6809_turbo.asm,engine/compression/zx0/zx0_6809_turbo.asm,549c7db3cfee7f550060fa7f44266a614504f527,2026-07-31,KEPT-V2: v2-adapted decompressor (loader/cdataz integration) ; watch v1 - manual resync
engine/graphics/sprite/background-erase-mode/DisplaySprite.asm,engine/graphics/sprite/background-erase-mode/DisplaySprite.asm,004d863d968168a5bc416686dab9f3176e808785,2026-10-05,
engine/graphics/sprite/background-erase-mode/CheckSpritesRefresh.asm,engine/graphics/sprite/background-erase-mode/CheckSpritesRefresh.asm,bf47da60f90b272dcbc3d782601e74998ca69ac0,2026-10-05,"setdp neutralized (obj target) ; hidden/deleted erase decided at buf_priority of the walked buffer (offset CSR_PEPL_LeaxB) instead of priority,u, bugfix 05/10/2026 (v1 has it too) ; RESYNCED 05/10/2026 on v1 bf47da60 (the b548b310 speed rework), the 20/08/2026 fallback fix being v1 4f7d4140"
engine/graphics/sprite/background-erase-mode/EraseSprites.asm,engine/graphics/sprite/background-erase-mode/EraseSprites.asm,c673aa9769104d18356a01c30c2a17fe68e476d2,2026-10-05,erase margin 16 -> 12 (v2 irq switches S first ; only the hardware push hits the user stack) ; CLEAR1BPP clear path (v2 1bpp pack) ; RESYNCED 05/10/2026 on v1 c673aa97 (short branches)
engine/graphics/sprite/background-erase-mode/UnsetDisplayPriority.asm,engine/graphics/sprite/background-erase-mode/UnsetDisplayPriority.asm,1d3db8b7edf02f7a73b55bea8c3eeb0a7fd389f1,2026-08-01,
engine/graphics/sprite/background-erase-mode/DrawSpritesExtEnc.asm,engine/graphics/sprite/background-erase-mode/DrawSpritesExtEnc.asm,b734eb09bdea7c11ca2598c53130ceb6af51c55e,2026-10-05,
engine/graphics/sprite/background-erase-mode/BgBufferAlloc.asm,engine/graphics/sprite/background-erase-mode/BgBufferAlloc.asm,d3290b9d6dd4413321f004025692f6912ee94643,2026-10-05,
engine/graphics/sprite/background-erase-mode/DeleteObject.asm,engine/graphics/sprite/background-erase-mode/DeleteObject.asm,1d3db8b7edf02f7a73b55bea8c3eeb0a7fd389f1,2026-08-01,
engine/graphics/sprite/sprite-background-erase-ext-pack.asm,engine/graphics/sprite/sprite-background-erase-ext-pack.asm,cf6e765e147b1a17c46e20eabb07bdb9980425ed,2026-08-01,
engine/object-management/RunObjects.asm,engine/object-management/RunObjects.asm,8b0c569447df86f70b8230ef91bef1df9cba15c3,2026-08-19,"optim v1 8b0c5694 NON reprise : jsr [<Obj_Index_Address-Obj_Index_Page;x] exige une difference de deux symboles EXTERNAL - inexprimable dans les link data v2 (extern16 = un symbole + constante) ; la forme aslb/table separee est conservee ; v1's form restored under IFDEF OBJ_INDEX_LOCAL (05/10/2026, sonic-2 : tables in the game mode unit)"
engine/graphics/animation/AnimateSprite.asm,engine/graphics/animation/AnimateSprite.asm,f34bbf394477ff59002fbd545c8d3e2bd1eb8b95,2026-08-01,
engine/graphics/animation/constants-animation.equ,engine/graphics/animation/constants-animation.equ,f873642ee58b8c6d294d174a68d1124392daf3ae,2026-08-01,
engine/graphics/vbl/WaitVBL.asm,engine/graphics/vbl/WaitVBL.asm,1d3db8b7edf02f7a73b55bea8c3eeb0a7fd389f1,2026-08-01,
engine/graphics/clear/ClearInterlacedDataMemory.asm,engine/graphics/clear/ClearInterlacedDataMemory.asm,f873642ee58b8c6d294d174a68d1124392daf3ae,2026-08-01,NON UTILISE depuis le 2026-08-05 : la v1 n'a pas de routine entrelacee ; le checkpoint traite les deux tampons par _SwitchScreenBuffer entre deux ClearDataMem. Aucun appelant.
engine/graphics/codec/zx0_mega.asm,engine/graphics/codec/zx0_mega.asm,0b9c7a6af6621dc89d6e106bd0e1eef5a325966b,2026-08-01,"explicit < on the two glb loads (obj target forbids SETDP, which is what made them direct in v1) ; page fill and trailing setdp dropped, the decoder no longer needs aligning"
engine/object-management/Obj_Run.macro.asm,engine/object-management/Obj_Run.macro.asm,bc2a6189e4b620af6d2fa9a6bbeee86a850e6dc9,2026-08-01,
engine/object-management/Obj_Run.asm,engine/object-management/Obj_Run.asm,c70bea19cfcc109fb16ac859f190bca4b8edfd32,2026-08-19,
engine/object-management/ObjectDp.asm,engine/object-management/ObjectDp.asm,52d62c2aadb0fb157be58ab8abb0d7d9ef02046b,2026-08-01,
engine/object-management/ObjectMoveSync.asm,engine/object-management/ObjectMoveSync.asm,81383f26717005dd33e49512bf0162bf12d15078,2026-08-01,boucle par trame remplacee par deux mul par axe (memes positions au bit pres) — frame-drop-loops-are-multiplies.md
engine/object-management/RunPgSubRoutine.asm,engine/object-management/RunPgSubRoutine.asm,c77850234b24ccd95bd2e810e81c8e6cec5b6e80,2026-08-01,
engine/graphics/animation/AnimateSpriteSync.asm,engine/graphics/animation/AnimateSpriteSync.asm,7c4c3748cc54573908870f522dd84bda52108357,2026-08-01,rechargement D + 1 + c' borne a 0 (v1 : D + c' - n) et chargement a D (v1 : D + reste - n) — frame-drop-timer-carry.md
engine/graphics/animation/moveByScript.asm,engine/graphics/animation/moveByScript.asm,73e55ed1510c12f870e8a500b7f020bd70230142,2026-08-19,equates dp deplacees vers constants.asm (frontiere de lien)
engine/graphics/tilemap/hscroll/hscroll.asm,engine/graphics/tilemap/hscroll/hscroll.asm,c1223d82c74d749e292840857abf0742fa72c3c4,2026-08-01,
engine/graphics/tilemap/hscroll/hscroll.macro.asm,engine/graphics/tilemap/hscroll/hscroll.macro.asm,c1223d82c74d749e292840857abf0742fa72c3c4,2026-08-01,
engine/graphics/tilemap/horizontal-scroll/scroll-map-buffered-even.asm,engine/graphics/tilemap/horizontal-scroll/scroll-map-buffered-even.asm,4ae73421e65a093300509a9c8125c8ef3a157f30,2026-08-19,setdp neutralized (obj target)
engine/collision/struct_AABB.equ,engine/collision/struct_AABB.equ,73138a07b43e7f8ad41c7f99f242b23a7f4a4ec6,2026-08-02,
engine/collision/macros.asm,engine/collision/macros.asm,4be934d5e5096696d52ae3d99edb5a5890867bc1,2026-08-02,
engine/collision/collision-list.asm,engine/collision/collision-list.asm,bc2a6189e4b620af6d2fa9a6bbeee86a850e6dc9,2026-08-02,
engine/collision/collision-do.asm,engine/collision/collision-do.asm,bc2a6189e4b620af6d2fa9a6bbeee86a850e6dc9,2026-08-02,V2-DEVIATION 2026-09-03 : crochet IFDEF COLLISION_ON_LOOSE a la branche @loose (la cible garde du potentiel = coup encaisse) — le macro _Collision_OnLoose est defini par l'includeur (r-type : le bruitage $56/$57 dans src/common/engine/engine.asm) ; sans le define, le fichier est le v1 a l'octet pres
engine/collision/collision.asm,engine/collision/collision.asm,bc2a6189e4b620af6d2fa9a6bbeee86a850e6dc9,2026-08-02,
engine/object-management/ObjectWave-subtype.asm,engine/object-management/ObjectWave-subtype.asm,4218689d67f3e20d7610e53d9bba6ad8b7367e4b,2026-08-02,
engine/graphics/camera/AutoScroll.asm,engine/graphics/camera/AutoScroll.asm,f873642ee58b8c6d294d174a68d1124392daf3ae,2026-08-02,
engine/graphics/camera/AutoScroll.equ,engine/graphics/camera/AutoScroll.equ,f873642ee58b8c6d294d174a68d1124392daf3ae,2026-08-02,
engine/graphics/camera/CheckCameraMove.asm,engine/graphics/camera/CheckCameraMove.asm,c1ebbd956d92eae791b49317f7bbc3cd888c4eac,2026-08-02,
engine/objects/collision/terrainCollision.asm,engine/objects/collision/terrainCollision.asm,e7ae0968eec67087947e8e1e6bce8bd7bcc00f13,2026-08-02,
engine/objects/collision/terrainCollision.macro.asm,engine/objects/collision/terrainCollision.macro.asm,02d61be6a82934cea092adcb9b55268bb7c40783,2026-08-02,
engine/objects/collision/terrainCollision.main.asm,engine/objects/collision/terrainCollision.main.asm,a1fc1874f91263a71b323963f89803ed874c2c7b,2026-08-02,
engine/objects/palette/fade/fade.asm,engine/objects/palette/fade/fade.asm,c1ebbd956d92eae791b49317f7bbc3cd888c4eac,2026-08-02,INCLUDE macros.asm retire (unite residente le porte deja) ; mode compense o_fade_drop (attente par trame video) 2026-09-08 — docs/lang/en/migration/palette-fade-frame-drop.md
engine/objects/palette/fade/fade.equ,engine/objects/palette/fade/fade.equ,cacf9b3c321b1d216ba08383b5979ae96d420b1a,2026-08-02,o_fade_drop ajoute (ext_variables+16) 2026-09-08 — docs/lang/en/migration/palette-fade-frame-drop.md
games/r-type/src/common/fx/starfield/obj.asm,objects/levels/01/starfield/obj.asm,(jeu, hors engine/) ,"2026-08-02,INCLUDE macros.asm retire + point d entree Object/sf_rtn remplace par 3 exports"
games/r-type/src/common/fx/starfield/stardata.asm,objects/levels/01/starfield/stardata.asm,(jeu, hors engine/) ,"2026-08-02,"
engine/object-management/ObjectMove.asm,engine/object-management/ObjectMove.asm,adfec9e322b38c4cd8fce0a753273f582ea95337,2026-08-02,
engine/system/to8/controller/joypad.buffer.asm,engine/joypad/joypad.buffer.asm,adfec9e322b38c4cd8fce0a753273f582ea95337,2026-08-03,range sous system/to8/controller ou vit le joypad v2
engine/system/to8/controller/joypad.kbd.asm,engine/joypad/ReadJoypadsKbd.asm,bc2a6189e4b620af6d2fa9a6bbeee86a850e6dc9,2026-08-03,dialecte v2 du module joypad KEPT-V2 (joypad.readKbd / joypad.0.B / map.MC6821 au lieu de ReadJoypadsKbd / c1_button_B_mask / adresses en dur) ; fichier separe comme en v1 pour ne pas peser sur joypad.asm
engine/sound/soundFX.asm,engine/sound/soundFX.asm,5d6f1ae5021e70355d8715830df91f7298168f07,2026-08-04,
engine/sound/soundFX.macro.asm,engine/sound/soundFX.macro.asm,5d6f1ae5021e70355d8715830df91f7298168f07,2026-08-04,
engine/graphics/fade/pixel-fade.asm,engine/graphics/fade/pixel-fade.asm,fac11cdcc13c9324fa12490bf5b9372602cd3453,2026-08-04,import 1:1 — n'est PAS resident : la v1 l'inclut dans l'unite de l'objet endstage
engine/graphics/codec/bm4.drawChunbks.asm,engine/graphics/codec/bm4.drawChunbks.asm,cacf9b3c321b1d216ba08383b5979ae96d420b1a,2026-08-04,import 1:1 — n'est PAS resident : la v1 l'inclut dans l'unite de l'objet messages ; nom de fichier v1 conserve avec sa coquille (drawChunbks)
games/r-type/src/common/pickups/pow/pow.asm,objects/player1/pow/pow.asm,90fbe787ec431739b215076126a7bc242398255f,2026-08-05,import 1:1 ; includes v1 portes par pow.unit.asm ; chemin du preset 18dd0 repointe sur src/common/lib/presets
games/r-type/src/common/pickups/pow/pow_optionbox.asm,objects/player1/pow/pow_optionbox.asm,90fbe787ec431739b215076126a7bc242398255f,2026-08-05,import 1:1 ; includes v1 portes par optionbox.unit.asm
games/r-type/src/common/weapons/bitdevice/obj.asm,objects/player1/bitdevice/obj.asm,90fbe787ec431739b215076126a7bc242398255f,2026-08-05,import 1:1 ; includes v1 portes par bitdevice.unit.asm
games/r-type/src/common/weapons/forcepods/forcepod.asm,objects/player1/forcepods/forcepod.asm,90fbe787ec431739b215076126a7bc242398255f,2026-08-05,"import 1:1 ; includes v1 portes par forcepod.unit.asm ; manette a l'API v2 (Fire_Press -> joypad.pressed.fire, c1_button_A/B_mask -> joypad.0.A/B) comme player1"
games/r-type/src/common/weapons/forcepods/obj_reboundlaser.asm,objects/player1/forcepods/obj_reboundlaser.asm,90fbe787ec431739b215076126a7bc242398255f,2026-08-05,import 1:1 ; includes v1 portes par reboundlaser.unit.asm ; alignement des tampons cycliques par ALIGN 32 au lieu de equ (*/32)*32 — non repliable en section relogeable
games/r-type/src/common/weapons/forcepods/obj_counterairlaser.asm,objects/player1/forcepods/obj_counterairlaser.asm,90fbe787ec431739b215076126a7bc242398255f,2026-08-05,import 1:1 ; includes v1 portes par counterairlaser.unit.asm
games/r-type/src/common/weapons/forcepods/obj_simplefire.asm,objects/player1/forcepods/obj_simplefire.asm,90fbe787ec431739b215076126a7bc242398255f,2026-08-05,import 1:1 ; includes v1 portes par simplefire.unit.asm ; ses deux eclats d'impact sont recompiles sous simplefire_impact* (l'unite weapon exporte deja weapon_impact*)
games/r-type/src/common/lib/weaponcollide.asm,global/weaponcollide.asm,90fbe787ec431739b215076126a7bc242398255f,2026-08-05,"import 1:1 ; includes v1 portes par collisionpass.unit.asm ; cable le 2026-08-05 dans la passe de collision, avec weaponGateAccum declare par l'unite"
engine/graphics/sprite/sprite-overlay-pack.asm,engine/graphics/sprite/sprite-overlay-pack.asm,cf6e765e147b1a17c46e20eabb07bdb9980425ed,2026-08-19,
engine/graphics/sprite/overlay-mode/DisplaySprite.asm,engine/graphics/sprite/overlay-mode/DisplaySprite.asm,adfec9e322b38c4cd8fce0a753273f582ea95337,2026-08-19,
engine/graphics/sprite/overlay-mode/BuildSprites.asm,engine/graphics/sprite/overlay-mode/BuildSprites.asm,bf47da60f90b272dcbc3d782601e74998ca69ac0,2026-10-05,"setdp neutralized (obj target) + single-sprite speed pass 19/08/2026 (forced direct, jsr ,y, dead store, abx, shifted-referential bounds) validated by examples/overlay differential bench ; missing-frame fallback bugfix 20/08/2026 (shift-bit direction + word-wide adjust, BSP_parityFallback) SYNCED to v1 4f7d4140 — found by the anchor sweep of examples/overlay ; RESYNCED 05/10/2026 on v1 bf47da60 (null image_set skipped), its store kept direct (<_render_flags) ; BuildSprites.HALFLINE 06/10/2026 (sonic-2's half-line EHZ, define, default unchanged) : the screen row rounded down to even in the two playfield paths and after xy_pixel ; BuildSprites.FRONT_PASS 07/10/2026 (sonic-2, define, default unchanged) : priority 1 drawn by a second pass the game runs after its high priority tiles"
engine/graphics/sprite/overlay-mode/DeleteObject.asm,engine/graphics/sprite/overlay-mode/DeleteObject.asm,8dd3e92233cd0de1e015a2af5b2f60d72fe2aee1,2026-08-19,
engine/graphics/tilemap/vscroll/vscroll.asm,engine/graphics/tilemap/vscroll/vscroll.asm,00ae193f7fc24caadcb17f762fb3221aa9bd5bc7,2026-08-20,V2-DEVIATION 2026-10-02 : octet vscroll.planes (1 = RAMA ; 2 = RAMB ; 3 = les deux) lu par move et do (PR #46 mode $26) ; defaut 3 = le rendu v1 a ~25 cycles par trame pres
engine/graphics/tilemap/vscroll/vscroll.macro.asm,engine/graphics/tilemap/vscroll/vscroll.macro.asm,ba17ca0e1262da334f7f01cbe9231dc925205eda,2026-08-20,V2-DEVIATION 2026-10-02 : macro _vscroll.setPlanes ajoutee (PR #46 mode $26) ; la LUT de _vscroll.setTileNb reste celle de la v1 (tileset aux moities de 8 Ko permutees)
engine/graphics/tilemap/vscroll/vscroll.md,engine/graphics/tilemap/vscroll/vscroll.md,1ae62b2907f828fc7f429bca7575f9780ba7aacb,2026-08-20,
engine/palette/palette-fade.asm,engine/boot/boot-fd.asm,10b1d58ce93b60afbaf30e5b5ecba3debc778ed6,2026-09-07,KEPT-V2: extracted from the v1 boot sector (PalFade/PalRun) as a standalone routine — 16 entries in place + target in registers + stack only ; watch v1 boot-fd.asm - manual resync ; see migration/boot-palette-fade.md
engine/graphics/tilemap/TilemapBuffer.asm,engine/graphics/tilemap/TilemapBuffer.asm,83c8813d7ca89afaf9a4b160dc4ba3a30021cdd1,2026-10-05,"setdp neutralized (obj target) ; tile_buffer at the game's TMB_TILE_BUFFER (fixed, 2048 aligned) when defined : #tile_buffer/256 cannot be relocated ; tmb_hprio_tiles at the game's TMB_HPRIO_TILES when defined ; DrawBufferedTile rewritten 06/10/2026 (X walks the buffer, the routine's U set from Y, the ring cut once per row, the high priority queue pushed on S and popped by DrawHighPriorityBufferedTile) ; TilemapBuffer.OPAQUE 06/10/2026 (define) : chunk entry bit 10 kept in the flags byte, tile index on bits 0-9 ; TilemapBuffer.PLANES_CURSOR 06/10/2026 (define) : the tile routines (gfxcomp planes=""cursor"") draw plane 1 through Y and leave it on the next cell, the loop neither stores nor advances it ; under OPAQUE an empty cell is no longer counted in glb_alphaTiles"
engine/graphics/tilemap/TileAnimScript.asm,engine/graphics/tilemap/TileAnimScript.asm,c1ebbd956d92eae791b49317f7bbc3cd888c4eac,2026-10-05,
engine/graphics/tilemap/data-types/map-16bits.equ,engine/graphics/tilemap/data-types/map-16bits.equ,f873642ee58b8c6d294d174a68d1124392daf3ae,2026-10-05,
engine/graphics/sprite/sprite-background-erase-pack.asm,engine/graphics/sprite/sprite-background-erase-pack.asm,cf6e765e147b1a17c46e20eabb07bdb9980425ed,2026-10-05,
engine/graphics/sprite/background-erase-mode/DrawSprites.asm,engine/graphics/sprite/background-erase-mode/DrawSprites.asm,a42a43e845c2e8a0f0369cf47fb6318fe2f45513,2026-10-05,
engine/sound/SmpsObj.asm,engine/sound/SmpsObj.asm,386f887c06f65a99a96bf7a2f357369c066fe375,2026-10-05,"track instances as equates on their initial values : `org` does not rewind an obj section (migration/org-does-not-rewind-a-section.md) ; s2 parity pass 06/10/2026 (sonic-2's tools/smps_bench.py, the Z80 driver's sequencing as reference) : the sound queue (two slots, zSFXPriority, priority reset when an SFX track stops), TempoWait (tracks updated every frame, durations lengthened when the tempo does not overflow), music tracks cleared on a song load (loop counters, note fill, detune, modulation of the previous song), SFX FM3/4/5 override SongFM3/4/5 on their YM2413 channel and give them back, PSG frequency high byte masked to 6 bits, the PSG modulation path quits on rest or SFX override, the PSG volume envelope and modulation run their frame at a note on rest or override, the ring sound alternates with its left version, spindash pitch steps 12, ED takes a byte, E6 on a PSG track writes no YM2413 register, F2 on the DAC track writes no FM note"
engine/irq/IrqObjSmps.asm,engine/irq/IrqObjSmps.asm,ec0fdcdcde5ca5769dc56ebed5d1f7ba5cfb5067,2026-10-05,"setdp neutralized (obj target) ; SmpsVar instance as an equate on its fill (`org` does not rewind an obj section) ; SFXToPlay2 06/10/2026 : s2's second SFX queue slot (PlaySound2, PlaySoundStereo)"
engine/irq/IrqSecond.asm,engine/irq/IrqSecond.asm,ec0fdcdcde5ca5769dc56ebed5d1f7ba5cfb5067,2026-10-05,setdp neutralized (obj target)
engine/sound/PlayDPCM16kHz.asm,engine/sound/PlayDPCM16kHz.asm,f873642ee58b8c6d294d174a68d1124392daf3ae,2026-10-05,
engine/system/to8/controller/joypad.asm,engine/joypad/InitJoypads.asm,5501a8c72342c6c2c3ac250d8dfc111af3717c79,2026-10-05,KEPT-V2: joypad.init is v1's InitJoypads under the v2 names (plus the edge detector priming) ; watch v1 - manual resync (migration/kept-v2-api.md)
engine/system/to8/controller/joypad.asm,engine/joypad/ReadJoypads.asm,bc2a6189e4b620af6d2fa9a6bbeee86a850e6dc9,2026-10-05,KEPT-V2: joypad.read is v1's ReadJoypads under the v2 names ; watch v1 - manual resync (migration/kept-v2-api.md)
engine/joypad/ReadJoypads2.asm,engine/joypad/ReadJoypads2.asm,f873642ee58b8c6d294d174a68d1124392daf3ae,2026-10-05,
engine/system/to8/controller/joypad.const.asm,engine/joypad/joypad.const.asm,bc2a6189e4b620af6d2fa9a6bbeee86a850e6dc9,2026-10-05,KEPT-V2: v1's masks under the v2 names (joypad.0.A...) ; the joypad state lives in joypad.asm ; watch v1 - manual resync (migration/kept-v2-api.md)
engine/palette/PalCycling.asm,engine/palette/PalCycling.asm,ec0fdcdcde5ca5769dc56ebed5d1f7ba5cfb5067,2026-10-05,setdp neutralized (obj target)
engine/palette/PalRaster_1c.asm,engine/palette/PalRaster_1c.asm,ec0fdcdcde5ca5769dc56ebed5d1f7ba5cfb5067,2026-10-05,setdp neutralized (obj target ; explicit < operands stay direct)
engine/palette/color/Pal_black.asm,engine/palette/color/Pal_black.asm,ec0fdcdcde5ca5769dc56ebed5d1f7ba5cfb5067,2026-10-05,
engine/math/CalcSine.asm,engine/math/CalcSine.asm,f873642ee58b8c6d294d174a68d1124392daf3ae,2026-10-05,
engine/math/Mul9x16.asm,engine/math/Mul9x16.asm,02d661343b8f765bcac4356c4dfcfaab7c77ff53,2026-10-05,setdp neutralized (obj target)
engine/math/sinewave.bin,engine/math/sinewave.bin,f873642ee58b8c6d294d174a68d1124392daf3ae,2026-10-05,
engine/object-management/MarkObjGone.asm,engine/object-management/MarkObjGone.asm,eefb8847a88cc109d9829a6446e671eaac749ddd,2026-10-05,
engine/graphics/font/DrawText/DrawText.asm,engine/graphics/font/DrawText/DrawText.asm,e2ad0dc1d9dea9d533ff4faab272afe83c53b679,2026-10-06,
engine/graphics/font/DrawText/3x5_shaded/asm/font_upper.asm,engine/graphics/font/DrawText/3x5_shaded/asm/font_upper.asm,e2ad0dc1d9dea9d533ff4faab272afe83c53b679,2026-10-06,
engine/graphics/font/DrawText/3x5_shaded/asm/fnt_4x6_shd_00_DN0.asm,engine/graphics/font/DrawText/3x5_shaded/asm/fnt_4x6_shd_00_DN0.asm,e2ad0dc1d9dea9d533ff4faab272afe83c53b679,2026-10-06,
engine/graphics/font/DrawText/3x5_shaded/asm/fnt_4x6_shd_01_DN0.asm,engine/graphics/font/DrawText/3x5_shaded/asm/fnt_4x6_shd_01_DN0.asm,e2ad0dc1d9dea9d533ff4faab272afe83c53b679,2026-10-06,
engine/graphics/font/DrawText/3x5_shaded/asm/fnt_4x6_shd_02_DN0.asm,engine/graphics/font/DrawText/3x5_shaded/asm/fnt_4x6_shd_02_DN0.asm,e2ad0dc1d9dea9d533ff4faab272afe83c53b679,2026-10-06,
engine/graphics/font/DrawText/3x5_shaded/asm/fnt_4x6_shd_03_DN0.asm,engine/graphics/font/DrawText/3x5_shaded/asm/fnt_4x6_shd_03_DN0.asm,e2ad0dc1d9dea9d533ff4faab272afe83c53b679,2026-10-06,
engine/graphics/font/DrawText/3x5_shaded/asm/fnt_4x6_shd_04_DN0.asm,engine/graphics/font/DrawText/3x5_shaded/asm/fnt_4x6_shd_04_DN0.asm,e2ad0dc1d9dea9d533ff4faab272afe83c53b679,2026-10-06,
engine/graphics/font/DrawText/3x5_shaded/asm/fnt_4x6_shd_05_DN0.asm,engine/graphics/font/DrawText/3x5_shaded/asm/fnt_4x6_shd_05_DN0.asm,e2ad0dc1d9dea9d533ff4faab272afe83c53b679,2026-10-06,
engine/graphics/font/DrawText/3x5_shaded/asm/fnt_4x6_shd_06_DN0.asm,engine/graphics/font/DrawText/3x5_shaded/asm/fnt_4x6_shd_06_DN0.asm,e2ad0dc1d9dea9d533ff4faab272afe83c53b679,2026-10-06,
engine/graphics/font/DrawText/3x5_shaded/asm/fnt_4x6_shd_07_DN0.asm,engine/graphics/font/DrawText/3x5_shaded/asm/fnt_4x6_shd_07_DN0.asm,e2ad0dc1d9dea9d533ff4faab272afe83c53b679,2026-10-06,
engine/graphics/font/DrawText/3x5_shaded/asm/fnt_4x6_shd_08_DN0.asm,engine/graphics/font/DrawText/3x5_shaded/asm/fnt_4x6_shd_08_DN0.asm,e2ad0dc1d9dea9d533ff4faab272afe83c53b679,2026-10-06,
engine/graphics/font/DrawText/3x5_shaded/asm/fnt_4x6_shd_09_DN0.asm,engine/graphics/font/DrawText/3x5_shaded/asm/fnt_4x6_shd_09_DN0.asm,e2ad0dc1d9dea9d533ff4faab272afe83c53b679,2026-10-06,
engine/graphics/font/DrawText/3x5_shaded/asm/fnt_4x6_shd_10_DN0.asm,engine/graphics/font/DrawText/3x5_shaded/asm/fnt_4x6_shd_10_DN0.asm,e2ad0dc1d9dea9d533ff4faab272afe83c53b679,2026-10-06,
engine/graphics/font/DrawText/3x5_shaded/asm/fnt_4x6_shd_11_DN0.asm,engine/graphics/font/DrawText/3x5_shaded/asm/fnt_4x6_shd_11_DN0.asm,e2ad0dc1d9dea9d533ff4faab272afe83c53b679,2026-10-06,
engine/graphics/font/DrawText/3x5_shaded/asm/fnt_4x6_shd_12_DN0.asm,engine/graphics/font/DrawText/3x5_shaded/asm/fnt_4x6_shd_12_DN0.asm,e2ad0dc1d9dea9d533ff4faab272afe83c53b679,2026-10-06,
engine/graphics/font/DrawText/3x5_shaded/asm/fnt_4x6_shd_13_DN0.asm,engine/graphics/font/DrawText/3x5_shaded/asm/fnt_4x6_shd_13_DN0.asm,e2ad0dc1d9dea9d533ff4faab272afe83c53b679,2026-10-06,
engine/graphics/font/DrawText/3x5_shaded/asm/fnt_4x6_shd_14_DN0.asm,engine/graphics/font/DrawText/3x5_shaded/asm/fnt_4x6_shd_14_DN0.asm,e2ad0dc1d9dea9d533ff4faab272afe83c53b679,2026-10-06,
engine/graphics/font/DrawText/3x5_shaded/asm/fnt_4x6_shd_15_DN0.asm,engine/graphics/font/DrawText/3x5_shaded/asm/fnt_4x6_shd_15_DN0.asm,e2ad0dc1d9dea9d533ff4faab272afe83c53b679,2026-10-06,
engine/graphics/font/DrawText/3x5_shaded/asm/fnt_4x6_shd_16_DN0.asm,engine/graphics/font/DrawText/3x5_shaded/asm/fnt_4x6_shd_16_DN0.asm,e2ad0dc1d9dea9d533ff4faab272afe83c53b679,2026-10-06,
engine/graphics/font/DrawText/3x5_shaded/asm/fnt_4x6_shd_17_DN0.asm,engine/graphics/font/DrawText/3x5_shaded/asm/fnt_4x6_shd_17_DN0.asm,e2ad0dc1d9dea9d533ff4faab272afe83c53b679,2026-10-06,
engine/graphics/font/DrawText/3x5_shaded/asm/fnt_4x6_shd_18_DN0.asm,engine/graphics/font/DrawText/3x5_shaded/asm/fnt_4x6_shd_18_DN0.asm,e2ad0dc1d9dea9d533ff4faab272afe83c53b679,2026-10-06,
engine/graphics/font/DrawText/3x5_shaded/asm/fnt_4x6_shd_19_DN0.asm,engine/graphics/font/DrawText/3x5_shaded/asm/fnt_4x6_shd_19_DN0.asm,e2ad0dc1d9dea9d533ff4faab272afe83c53b679,2026-10-06,
engine/graphics/font/DrawText/3x5_shaded/asm/fnt_4x6_shd_20_DN0.asm,engine/graphics/font/DrawText/3x5_shaded/asm/fnt_4x6_shd_20_DN0.asm,e2ad0dc1d9dea9d533ff4faab272afe83c53b679,2026-10-06,
engine/graphics/font/DrawText/3x5_shaded/asm/fnt_4x6_shd_21_DN0.asm,engine/graphics/font/DrawText/3x5_shaded/asm/fnt_4x6_shd_21_DN0.asm,e2ad0dc1d9dea9d533ff4faab272afe83c53b679,2026-10-06,
engine/graphics/font/DrawText/3x5_shaded/asm/fnt_4x6_shd_22_DN0.asm,engine/graphics/font/DrawText/3x5_shaded/asm/fnt_4x6_shd_22_DN0.asm,e2ad0dc1d9dea9d533ff4faab272afe83c53b679,2026-10-06,
engine/graphics/font/DrawText/3x5_shaded/asm/fnt_4x6_shd_23_DN0.asm,engine/graphics/font/DrawText/3x5_shaded/asm/fnt_4x6_shd_23_DN0.asm,e2ad0dc1d9dea9d533ff4faab272afe83c53b679,2026-10-06,
engine/graphics/font/DrawText/3x5_shaded/asm/fnt_4x6_shd_24_DN0.asm,engine/graphics/font/DrawText/3x5_shaded/asm/fnt_4x6_shd_24_DN0.asm,e2ad0dc1d9dea9d533ff4faab272afe83c53b679,2026-10-06,
engine/graphics/font/DrawText/3x5_shaded/asm/fnt_4x6_shd_25_DN0.asm,engine/graphics/font/DrawText/3x5_shaded/asm/fnt_4x6_shd_25_DN0.asm,e2ad0dc1d9dea9d533ff4faab272afe83c53b679,2026-10-06,
engine/graphics/font/DrawText/3x5_shaded/asm/fnt_4x6_shd_26_DN0.asm,engine/graphics/font/DrawText/3x5_shaded/asm/fnt_4x6_shd_26_DN0.asm,e2ad0dc1d9dea9d533ff4faab272afe83c53b679,2026-10-06,
engine/graphics/font/DrawText/3x5_shaded/asm/fnt_4x6_shd_27_DN0.asm,engine/graphics/font/DrawText/3x5_shaded/asm/fnt_4x6_shd_27_DN0.asm,e2ad0dc1d9dea9d533ff4faab272afe83c53b679,2026-10-06,
engine/graphics/font/DrawText/3x5_shaded/asm/fnt_4x6_shd_28_DN0.asm,engine/graphics/font/DrawText/3x5_shaded/asm/fnt_4x6_shd_28_DN0.asm,e2ad0dc1d9dea9d533ff4faab272afe83c53b679,2026-10-06,
engine/graphics/font/DrawText/3x5_shaded/asm/fnt_4x6_shd_29_DN0.asm,engine/graphics/font/DrawText/3x5_shaded/asm/fnt_4x6_shd_29_DN0.asm,e2ad0dc1d9dea9d533ff4faab272afe83c53b679,2026-10-06,
engine/graphics/font/DrawText/3x5_shaded/asm/fnt_4x6_shd_30_DN0.asm,engine/graphics/font/DrawText/3x5_shaded/asm/fnt_4x6_shd_30_DN0.asm,e2ad0dc1d9dea9d533ff4faab272afe83c53b679,2026-10-06,
engine/graphics/font/DrawText/3x5_shaded/asm/fnt_4x6_shd_31_DN0.asm,engine/graphics/font/DrawText/3x5_shaded/asm/fnt_4x6_shd_31_DN0.asm,e2ad0dc1d9dea9d533ff4faab272afe83c53b679,2026-10-06,
engine/graphics/font/DrawText/3x5_shaded/asm/fnt_4x6_shd_32_DN0.asm,engine/graphics/font/DrawText/3x5_shaded/asm/fnt_4x6_shd_32_DN0.asm,e2ad0dc1d9dea9d533ff4faab272afe83c53b679,2026-10-06,
engine/graphics/font/DrawText/3x5_shaded/asm/fnt_4x6_shd_33_DN0.asm,engine/graphics/font/DrawText/3x5_shaded/asm/fnt_4x6_shd_33_DN0.asm,e2ad0dc1d9dea9d533ff4faab272afe83c53b679,2026-10-06,
engine/graphics/font/DrawText/3x5_shaded/asm/fnt_4x6_shd_34_DN0.asm,engine/graphics/font/DrawText/3x5_shaded/asm/fnt_4x6_shd_34_DN0.asm,e2ad0dc1d9dea9d533ff4faab272afe83c53b679,2026-10-06,
engine/graphics/font/DrawText/3x5_shaded/asm/fnt_4x6_shd_35_DN0.asm,engine/graphics/font/DrawText/3x5_shaded/asm/fnt_4x6_shd_35_DN0.asm,e2ad0dc1d9dea9d533ff4faab272afe83c53b679,2026-10-06,
engine/graphics/font/DrawText/3x5_shaded/asm/fnt_4x6_shd_36_DN0.asm,engine/graphics/font/DrawText/3x5_shaded/asm/fnt_4x6_shd_36_DN0.asm,e2ad0dc1d9dea9d533ff4faab272afe83c53b679,2026-10-06,
engine/graphics/font/DrawText/3x5_shaded/asm/fnt_4x6_shd_37_DN0.asm,engine/graphics/font/DrawText/3x5_shaded/asm/fnt_4x6_shd_37_DN0.asm,e2ad0dc1d9dea9d533ff4faab272afe83c53b679,2026-10-06,
engine/graphics/font/DrawText/3x5_shaded/asm/fnt_4x6_shd_38_DN0.asm,engine/graphics/font/DrawText/3x5_shaded/asm/fnt_4x6_shd_38_DN0.asm,e2ad0dc1d9dea9d533ff4faab272afe83c53b679,2026-10-06,
engine/graphics/font/DrawText/3x5_shaded/asm/fnt_4x6_shd_39_DN0.asm,engine/graphics/font/DrawText/3x5_shaded/asm/fnt_4x6_shd_39_DN0.asm,e2ad0dc1d9dea9d533ff4faab272afe83c53b679,2026-10-06,
engine/graphics/font/DrawText/3x5_shaded/asm/fnt_4x6_shd_40_DN0.asm,engine/graphics/font/DrawText/3x5_shaded/asm/fnt_4x6_shd_40_DN0.asm,e2ad0dc1d9dea9d533ff4faab272afe83c53b679,2026-10-06,
engine/graphics/font/DrawText/3x5_shaded/asm/fnt_4x6_shd_41_DN0.asm,engine/graphics/font/DrawText/3x5_shaded/asm/fnt_4x6_shd_41_DN0.asm,e2ad0dc1d9dea9d533ff4faab272afe83c53b679,2026-10-06,
engine/graphics/font/DrawText/3x5_shaded/asm/fnt_4x6_shd_42_DN0.asm,engine/graphics/font/DrawText/3x5_shaded/asm/fnt_4x6_shd_42_DN0.asm,e2ad0dc1d9dea9d533ff4faab272afe83c53b679,2026-10-06,
engine/graphics/font/DrawText/3x5_shaded/asm/fnt_4x6_shd_43_DN0.asm,engine/graphics/font/DrawText/3x5_shaded/asm/fnt_4x6_shd_43_DN0.asm,e2ad0dc1d9dea9d533ff4faab272afe83c53b679,2026-10-06,
engine/graphics/font/DrawText/3x5_shaded/asm/fnt_4x6_shd_44_DN0.asm,engine/graphics/font/DrawText/3x5_shaded/asm/fnt_4x6_shd_44_DN0.asm,e2ad0dc1d9dea9d533ff4faab272afe83c53b679,2026-10-06,
engine/graphics/font/DrawText/3x5_shaded/asm/fnt_4x6_shd_45_DN0.asm,engine/graphics/font/DrawText/3x5_shaded/asm/fnt_4x6_shd_45_DN0.asm,e2ad0dc1d9dea9d533ff4faab272afe83c53b679,2026-10-06,
engine/graphics/font/DrawText/3x5_shaded/asm/fnt_4x6_shd_46_DN0.asm,engine/graphics/font/DrawText/3x5_shaded/asm/fnt_4x6_shd_46_DN0.asm,e2ad0dc1d9dea9d533ff4faab272afe83c53b679,2026-10-06,
engine/graphics/font/DrawText/3x5_shaded/asm/fnt_4x6_shd_47_DN0.asm,engine/graphics/font/DrawText/3x5_shaded/asm/fnt_4x6_shd_47_DN0.asm,e2ad0dc1d9dea9d533ff4faab272afe83c53b679,2026-10-06,
engine/graphics/font/DrawText/3x5_shaded/asm/fnt_4x6_shd_48_DN0.asm,engine/graphics/font/DrawText/3x5_shaded/asm/fnt_4x6_shd_48_DN0.asm,e2ad0dc1d9dea9d533ff4faab272afe83c53b679,2026-10-06,
engine/graphics/font/DrawText/3x5_shaded/asm/fnt_4x6_shd_49_DN0.asm,engine/graphics/font/DrawText/3x5_shaded/asm/fnt_4x6_shd_49_DN0.asm,e2ad0dc1d9dea9d533ff4faab272afe83c53b679,2026-10-06,
engine/graphics/font/DrawText/3x5_shaded/asm/fnt_4x6_shd_50_DN0.asm,engine/graphics/font/DrawText/3x5_shaded/asm/fnt_4x6_shd_50_DN0.asm,e2ad0dc1d9dea9d533ff4faab272afe83c53b679,2026-10-06,
engine/graphics/font/DrawText/3x5_shaded/asm/fnt_4x6_shd_51_DN0.asm,engine/graphics/font/DrawText/3x5_shaded/asm/fnt_4x6_shd_51_DN0.asm,e2ad0dc1d9dea9d533ff4faab272afe83c53b679,2026-10-06,
engine/graphics/font/DrawText/3x5_shaded/asm/fnt_4x6_shd_52_DN0.asm,engine/graphics/font/DrawText/3x5_shaded/asm/fnt_4x6_shd_52_DN0.asm,e2ad0dc1d9dea9d533ff4faab272afe83c53b679,2026-10-06,
engine/graphics/font/DrawText/3x5_shaded/asm/fnt_4x6_shd_53_DN0.asm,engine/graphics/font/DrawText/3x5_shaded/asm/fnt_4x6_shd_53_DN0.asm,e2ad0dc1d9dea9d533ff4faab272afe83c53b679,2026-10-06,
engine/graphics/font/DrawText/3x5_shaded/asm/fnt_4x6_shd_54_DN0.asm,engine/graphics/font/DrawText/3x5_shaded/asm/fnt_4x6_shd_54_DN0.asm,e2ad0dc1d9dea9d533ff4faab272afe83c53b679,2026-10-06,
engine/graphics/font/DrawText/3x5_shaded/asm/fnt_4x6_shd_55_DN0.asm,engine/graphics/font/DrawText/3x5_shaded/asm/fnt_4x6_shd_55_DN0.asm,e2ad0dc1d9dea9d533ff4faab272afe83c53b679,2026-10-06,
engine/graphics/font/DrawText/3x5_shaded/asm/fnt_4x6_shd_56_DN0.asm,engine/graphics/font/DrawText/3x5_shaded/asm/fnt_4x6_shd_56_DN0.asm,e2ad0dc1d9dea9d533ff4faab272afe83c53b679,2026-10-06,
engine/graphics/font/DrawText/3x5_shaded/asm/fnt_4x6_shd_57_DN0.asm,engine/graphics/font/DrawText/3x5_shaded/asm/fnt_4x6_shd_57_DN0.asm,e2ad0dc1d9dea9d533ff4faab272afe83c53b679,2026-10-06,
engine/graphics/font/DrawText/3x5_shaded/asm/fnt_4x6_shd_58_DN0.asm,engine/graphics/font/DrawText/3x5_shaded/asm/fnt_4x6_shd_58_DN0.asm,e2ad0dc1d9dea9d533ff4faab272afe83c53b679,2026-10-06,
engine/graphics/font/DrawText/3x5_shaded/asm/fnt_4x6_shd_59_DN0.asm,engine/graphics/font/DrawText/3x5_shaded/asm/fnt_4x6_shd_59_DN0.asm,e2ad0dc1d9dea9d533ff4faab272afe83c53b679,2026-10-06,
engine/graphics/font/DrawText/3x5_shaded/asm/fnt_4x6_shd_60_DN0.asm,engine/graphics/font/DrawText/3x5_shaded/asm/fnt_4x6_shd_60_DN0.asm,e2ad0dc1d9dea9d533ff4faab272afe83c53b679,2026-10-06,
engine/graphics/font/DrawText/3x5_shaded/asm/fnt_4x6_shd_61_DN0.asm,engine/graphics/font/DrawText/3x5_shaded/asm/fnt_4x6_shd_61_DN0.asm,e2ad0dc1d9dea9d533ff4faab272afe83c53b679,2026-10-06,
engine/graphics/font/DrawText/3x5_shaded/asm/fnt_4x6_shd_62_DN0.asm,engine/graphics/font/DrawText/3x5_shaded/asm/fnt_4x6_shd_62_DN0.asm,e2ad0dc1d9dea9d533ff4faab272afe83c53b679,2026-10-06,
engine/graphics/font/DrawText/3x5_shaded/asm/fnt_4x6_shd_63_DN0.asm,engine/graphics/font/DrawText/3x5_shaded/asm/fnt_4x6_shd_63_DN0.asm,e2ad0dc1d9dea9d533ff4faab272afe83c53b679,2026-10-06,
engine/graphics/font/DrawText/3x5_shaded/asm/fnt_4x6_shd_64_DN0.asm,engine/graphics/font/DrawText/3x5_shaded/asm/fnt_4x6_shd_64_DN0.asm,e2ad0dc1d9dea9d533ff4faab272afe83c53b679,2026-10-06,
engine/graphics/font/DrawText/3x5_shaded/asm/fnt_4x6_shd_91_DN0.asm,engine/graphics/font/DrawText/3x5_shaded/asm/fnt_4x6_shd_91_DN0.asm,e2ad0dc1d9dea9d533ff4faab272afe83c53b679,2026-10-06,
engine/graphics/font/DrawText/3x5_shaded/asm/fnt_4x6_shd_92_DN0.asm,engine/graphics/font/DrawText/3x5_shaded/asm/fnt_4x6_shd_92_DN0.asm,e2ad0dc1d9dea9d533ff4faab272afe83c53b679,2026-10-06,
engine/graphics/font/DrawText/3x5_shaded/asm/fnt_4x6_shd_93_DN0.asm,engine/graphics/font/DrawText/3x5_shaded/asm/fnt_4x6_shd_93_DN0.asm,e2ad0dc1d9dea9d533ff4faab272afe83c53b679,2026-10-06,
engine/graphics/font/DrawText/3x5_shaded/asm/fnt_4x6_shd_94_DN0.asm,engine/graphics/font/DrawText/3x5_shaded/asm/fnt_4x6_shd_94_DN0.asm,e2ad0dc1d9dea9d533ff4faab272afe83c53b679,2026-10-06,
engine/graphics/font/DrawText/3x5_shaded/asm/fnt_4x6_shd_95_DN0.asm,engine/graphics/font/DrawText/3x5_shaded/asm/fnt_4x6_shd_95_DN0.asm,e2ad0dc1d9dea9d533ff4faab272afe83c53b679,2026-10-06,
engine/graphics/font/DrawText/3x5_shaded_selected/asm/font_upper.asm,engine/graphics/font/DrawText/3x5_shaded_selected/asm/font_upper.asm,e2ad0dc1d9dea9d533ff4faab272afe83c53b679,2026-10-06,
engine/graphics/font/DrawText/3x5_shaded_selected/asm/fnt_4x6_shd_sel_00_DN0.asm,engine/graphics/font/DrawText/3x5_shaded_selected/asm/fnt_4x6_shd_sel_00_DN0.asm,e2ad0dc1d9dea9d533ff4faab272afe83c53b679,2026-10-06,
engine/graphics/font/DrawText/3x5_shaded_selected/asm/fnt_4x6_shd_sel_01_DN0.asm,engine/graphics/font/DrawText/3x5_shaded_selected/asm/fnt_4x6_shd_sel_01_DN0.asm,e2ad0dc1d9dea9d533ff4faab272afe83c53b679,2026-10-06,
engine/graphics/font/DrawText/3x5_shaded_selected/asm/fnt_4x6_shd_sel_02_DN0.asm,engine/graphics/font/DrawText/3x5_shaded_selected/asm/fnt_4x6_shd_sel_02_DN0.asm,e2ad0dc1d9dea9d533ff4faab272afe83c53b679,2026-10-06,
engine/graphics/font/DrawText/3x5_shaded_selected/asm/fnt_4x6_shd_sel_03_DN0.asm,engine/graphics/font/DrawText/3x5_shaded_selected/asm/fnt_4x6_shd_sel_03_DN0.asm,e2ad0dc1d9dea9d533ff4faab272afe83c53b679,2026-10-06,
engine/graphics/font/DrawText/3x5_shaded_selected/asm/fnt_4x6_shd_sel_04_DN0.asm,engine/graphics/font/DrawText/3x5_shaded_selected/asm/fnt_4x6_shd_sel_04_DN0.asm,e2ad0dc1d9dea9d533ff4faab272afe83c53b679,2026-10-06,
engine/graphics/font/DrawText/3x5_shaded_selected/asm/fnt_4x6_shd_sel_05_DN0.asm,engine/graphics/font/DrawText/3x5_shaded_selected/asm/fnt_4x6_shd_sel_05_DN0.asm,e2ad0dc1d9dea9d533ff4faab272afe83c53b679,2026-10-06,
engine/graphics/font/DrawText/3x5_shaded_selected/asm/fnt_4x6_shd_sel_06_DN0.asm,engine/graphics/font/DrawText/3x5_shaded_selected/asm/fnt_4x6_shd_sel_06_DN0.asm,e2ad0dc1d9dea9d533ff4faab272afe83c53b679,2026-10-06,
engine/graphics/font/DrawText/3x5_shaded_selected/asm/fnt_4x6_shd_sel_07_DN0.asm,engine/graphics/font/DrawText/3x5_shaded_selected/asm/fnt_4x6_shd_sel_07_DN0.asm,e2ad0dc1d9dea9d533ff4faab272afe83c53b679,2026-10-06,
engine/graphics/font/DrawText/3x5_shaded_selected/asm/fnt_4x6_shd_sel_08_DN0.asm,engine/graphics/font/DrawText/3x5_shaded_selected/asm/fnt_4x6_shd_sel_08_DN0.asm,e2ad0dc1d9dea9d533ff4faab272afe83c53b679,2026-10-06,
engine/graphics/font/DrawText/3x5_shaded_selected/asm/fnt_4x6_shd_sel_09_DN0.asm,engine/graphics/font/DrawText/3x5_shaded_selected/asm/fnt_4x6_shd_sel_09_DN0.asm,e2ad0dc1d9dea9d533ff4faab272afe83c53b679,2026-10-06,
engine/graphics/font/DrawText/3x5_shaded_selected/asm/fnt_4x6_shd_sel_10_DN0.asm,engine/graphics/font/DrawText/3x5_shaded_selected/asm/fnt_4x6_shd_sel_10_DN0.asm,e2ad0dc1d9dea9d533ff4faab272afe83c53b679,2026-10-06,
engine/graphics/font/DrawText/3x5_shaded_selected/asm/fnt_4x6_shd_sel_11_DN0.asm,engine/graphics/font/DrawText/3x5_shaded_selected/asm/fnt_4x6_shd_sel_11_DN0.asm,e2ad0dc1d9dea9d533ff4faab272afe83c53b679,2026-10-06,
engine/graphics/font/DrawText/3x5_shaded_selected/asm/fnt_4x6_shd_sel_12_DN0.asm,engine/graphics/font/DrawText/3x5_shaded_selected/asm/fnt_4x6_shd_sel_12_DN0.asm,e2ad0dc1d9dea9d533ff4faab272afe83c53b679,2026-10-06,
engine/graphics/font/DrawText/3x5_shaded_selected/asm/fnt_4x6_shd_sel_13_DN0.asm,engine/graphics/font/DrawText/3x5_shaded_selected/asm/fnt_4x6_shd_sel_13_DN0.asm,e2ad0dc1d9dea9d533ff4faab272afe83c53b679,2026-10-06,
engine/graphics/font/DrawText/3x5_shaded_selected/asm/fnt_4x6_shd_sel_14_DN0.asm,engine/graphics/font/DrawText/3x5_shaded_selected/asm/fnt_4x6_shd_sel_14_DN0.asm,e2ad0dc1d9dea9d533ff4faab272afe83c53b679,2026-10-06,
engine/graphics/font/DrawText/3x5_shaded_selected/asm/fnt_4x6_shd_sel_15_DN0.asm,engine/graphics/font/DrawText/3x5_shaded_selected/asm/fnt_4x6_shd_sel_15_DN0.asm,e2ad0dc1d9dea9d533ff4faab272afe83c53b679,2026-10-06,
engine/graphics/font/DrawText/3x5_shaded_selected/asm/fnt_4x6_shd_sel_16_DN0.asm,engine/graphics/font/DrawText/3x5_shaded_selected/asm/fnt_4x6_shd_sel_16_DN0.asm,e2ad0dc1d9dea9d533ff4faab272afe83c53b679,2026-10-06,
engine/graphics/font/DrawText/3x5_shaded_selected/asm/fnt_4x6_shd_sel_17_DN0.asm,engine/graphics/font/DrawText/3x5_shaded_selected/asm/fnt_4x6_shd_sel_17_DN0.asm,e2ad0dc1d9dea9d533ff4faab272afe83c53b679,2026-10-06,
engine/graphics/font/DrawText/3x5_shaded_selected/asm/fnt_4x6_shd_sel_18_DN0.asm,engine/graphics/font/DrawText/3x5_shaded_selected/asm/fnt_4x6_shd_sel_18_DN0.asm,e2ad0dc1d9dea9d533ff4faab272afe83c53b679,2026-10-06,
engine/graphics/font/DrawText/3x5_shaded_selected/asm/fnt_4x6_shd_sel_19_DN0.asm,engine/graphics/font/DrawText/3x5_shaded_selected/asm/fnt_4x6_shd_sel_19_DN0.asm,e2ad0dc1d9dea9d533ff4faab272afe83c53b679,2026-10-06,
engine/graphics/font/DrawText/3x5_shaded_selected/asm/fnt_4x6_shd_sel_20_DN0.asm,engine/graphics/font/DrawText/3x5_shaded_selected/asm/fnt_4x6_shd_sel_20_DN0.asm,e2ad0dc1d9dea9d533ff4faab272afe83c53b679,2026-10-06,
engine/graphics/font/DrawText/3x5_shaded_selected/asm/fnt_4x6_shd_sel_21_DN0.asm,engine/graphics/font/DrawText/3x5_shaded_selected/asm/fnt_4x6_shd_sel_21_DN0.asm,e2ad0dc1d9dea9d533ff4faab272afe83c53b679,2026-10-06,
engine/graphics/font/DrawText/3x5_shaded_selected/asm/fnt_4x6_shd_sel_22_DN0.asm,engine/graphics/font/DrawText/3x5_shaded_selected/asm/fnt_4x6_shd_sel_22_DN0.asm,e2ad0dc1d9dea9d533ff4faab272afe83c53b679,2026-10-06,
engine/graphics/font/DrawText/3x5_shaded_selected/asm/fnt_4x6_shd_sel_23_DN0.asm,engine/graphics/font/DrawText/3x5_shaded_selected/asm/fnt_4x6_shd_sel_23_DN0.asm,e2ad0dc1d9dea9d533ff4faab272afe83c53b679,2026-10-06,
engine/graphics/font/DrawText/3x5_shaded_selected/asm/fnt_4x6_shd_sel_24_DN0.asm,engine/graphics/font/DrawText/3x5_shaded_selected/asm/fnt_4x6_shd_sel_24_DN0.asm,e2ad0dc1d9dea9d533ff4faab272afe83c53b679,2026-10-06,
engine/graphics/font/DrawText/3x5_shaded_selected/asm/fnt_4x6_shd_sel_25_DN0.asm,engine/graphics/font/DrawText/3x5_shaded_selected/asm/fnt_4x6_shd_sel_25_DN0.asm,e2ad0dc1d9dea9d533ff4faab272afe83c53b679,2026-10-06,
engine/graphics/font/DrawText/3x5_shaded_selected/asm/fnt_4x6_shd_sel_26_DN0.asm,engine/graphics/font/DrawText/3x5_shaded_selected/asm/fnt_4x6_shd_sel_26_DN0.asm,e2ad0dc1d9dea9d533ff4faab272afe83c53b679,2026-10-06,
engine/graphics/font/DrawText/3x5_shaded_selected/asm/fnt_4x6_shd_sel_27_DN0.asm,engine/graphics/font/DrawText/3x5_shaded_selected/asm/fnt_4x6_shd_sel_27_DN0.asm,e2ad0dc1d9dea9d533ff4faab272afe83c53b679,2026-10-06,
engine/graphics/font/DrawText/3x5_shaded_selected/asm/fnt_4x6_shd_sel_28_DN0.asm,engine/graphics/font/DrawText/3x5_shaded_selected/asm/fnt_4x6_shd_sel_28_DN0.asm,e2ad0dc1d9dea9d533ff4faab272afe83c53b679,2026-10-06,
engine/graphics/font/DrawText/3x5_shaded_selected/asm/fnt_4x6_shd_sel_29_DN0.asm,engine/graphics/font/DrawText/3x5_shaded_selected/asm/fnt_4x6_shd_sel_29_DN0.asm,e2ad0dc1d9dea9d533ff4faab272afe83c53b679,2026-10-06,
engine/graphics/font/DrawText/3x5_shaded_selected/asm/fnt_4x6_shd_sel_30_DN0.asm,engine/graphics/font/DrawText/3x5_shaded_selected/asm/fnt_4x6_shd_sel_30_DN0.asm,e2ad0dc1d9dea9d533ff4faab272afe83c53b679,2026-10-06,
engine/graphics/font/DrawText/3x5_shaded_selected/asm/fnt_4x6_shd_sel_31_DN0.asm,engine/graphics/font/DrawText/3x5_shaded_selected/asm/fnt_4x6_shd_sel_31_DN0.asm,e2ad0dc1d9dea9d533ff4faab272afe83c53b679,2026-10-06,
engine/graphics/font/DrawText/3x5_shaded_selected/asm/fnt_4x6_shd_sel_32_DN0.asm,engine/graphics/font/DrawText/3x5_shaded_selected/asm/fnt_4x6_shd_sel_32_DN0.asm,e2ad0dc1d9dea9d533ff4faab272afe83c53b679,2026-10-06,
engine/graphics/font/DrawText/3x5_shaded_selected/asm/fnt_4x6_shd_sel_33_DN0.asm,engine/graphics/font/DrawText/3x5_shaded_selected/asm/fnt_4x6_shd_sel_33_DN0.asm,e2ad0dc1d9dea9d533ff4faab272afe83c53b679,2026-10-06,
engine/graphics/font/DrawText/3x5_shaded_selected/asm/fnt_4x6_shd_sel_34_DN0.asm,engine/graphics/font/DrawText/3x5_shaded_selected/asm/fnt_4x6_shd_sel_34_DN0.asm,e2ad0dc1d9dea9d533ff4faab272afe83c53b679,2026-10-06,
engine/graphics/font/DrawText/3x5_shaded_selected/asm/fnt_4x6_shd_sel_35_DN0.asm,engine/graphics/font/DrawText/3x5_shaded_selected/asm/fnt_4x6_shd_sel_35_DN0.asm,e2ad0dc1d9dea9d533ff4faab272afe83c53b679,2026-10-06,
engine/graphics/font/DrawText/3x5_shaded_selected/asm/fnt_4x6_shd_sel_36_DN0.asm,engine/graphics/font/DrawText/3x5_shaded_selected/asm/fnt_4x6_shd_sel_36_DN0.asm,e2ad0dc1d9dea9d533ff4faab272afe83c53b679,2026-10-06,
engine/graphics/font/DrawText/3x5_shaded_selected/asm/fnt_4x6_shd_sel_37_DN0.asm,engine/graphics/font/DrawText/3x5_shaded_selected/asm/fnt_4x6_shd_sel_37_DN0.asm,e2ad0dc1d9dea9d533ff4faab272afe83c53b679,2026-10-06,
engine/graphics/font/DrawText/3x5_shaded_selected/asm/fnt_4x6_shd_sel_38_DN0.asm,engine/graphics/font/DrawText/3x5_shaded_selected/asm/fnt_4x6_shd_sel_38_DN0.asm,e2ad0dc1d9dea9d533ff4faab272afe83c53b679,2026-10-06,
engine/graphics/font/DrawText/3x5_shaded_selected/asm/fnt_4x6_shd_sel_39_DN0.asm,engine/graphics/font/DrawText/3x5_shaded_selected/asm/fnt_4x6_shd_sel_39_DN0.asm,e2ad0dc1d9dea9d533ff4faab272afe83c53b679,2026-10-06,
engine/graphics/font/DrawText/3x5_shaded_selected/asm/fnt_4x6_shd_sel_40_DN0.asm,engine/graphics/font/DrawText/3x5_shaded_selected/asm/fnt_4x6_shd_sel_40_DN0.asm,e2ad0dc1d9dea9d533ff4faab272afe83c53b679,2026-10-06,
engine/graphics/font/DrawText/3x5_shaded_selected/asm/fnt_4x6_shd_sel_41_DN0.asm,engine/graphics/font/DrawText/3x5_shaded_selected/asm/fnt_4x6_shd_sel_41_DN0.asm,e2ad0dc1d9dea9d533ff4faab272afe83c53b679,2026-10-06,
engine/graphics/font/DrawText/3x5_shaded_selected/asm/fnt_4x6_shd_sel_42_DN0.asm,engine/graphics/font/DrawText/3x5_shaded_selected/asm/fnt_4x6_shd_sel_42_DN0.asm,e2ad0dc1d9dea9d533ff4faab272afe83c53b679,2026-10-06,
engine/graphics/font/DrawText/3x5_shaded_selected/asm/fnt_4x6_shd_sel_43_DN0.asm,engine/graphics/font/DrawText/3x5_shaded_selected/asm/fnt_4x6_shd_sel_43_DN0.asm,e2ad0dc1d9dea9d533ff4faab272afe83c53b679,2026-10-06,
engine/graphics/font/DrawText/3x5_shaded_selected/asm/fnt_4x6_shd_sel_44_DN0.asm,engine/graphics/font/DrawText/3x5_shaded_selected/asm/fnt_4x6_shd_sel_44_DN0.asm,e2ad0dc1d9dea9d533ff4faab272afe83c53b679,2026-10-06,
engine/graphics/font/DrawText/3x5_shaded_selected/asm/fnt_4x6_shd_sel_45_DN0.asm,engine/graphics/font/DrawText/3x5_shaded_selected/asm/fnt_4x6_shd_sel_45_DN0.asm,e2ad0dc1d9dea9d533ff4faab272afe83c53b679,2026-10-06,
engine/graphics/font/DrawText/3x5_shaded_selected/asm/fnt_4x6_shd_sel_46_DN0.asm,engine/graphics/font/DrawText/3x5_shaded_selected/asm/fnt_4x6_shd_sel_46_DN0.asm,e2ad0dc1d9dea9d533ff4faab272afe83c53b679,2026-10-06,
engine/graphics/font/DrawText/3x5_shaded_selected/asm/fnt_4x6_shd_sel_47_DN0.asm,engine/graphics/font/DrawText/3x5_shaded_selected/asm/fnt_4x6_shd_sel_47_DN0.asm,e2ad0dc1d9dea9d533ff4faab272afe83c53b679,2026-10-06,
engine/graphics/font/DrawText/3x5_shaded_selected/asm/fnt_4x6_shd_sel_48_DN0.asm,engine/graphics/font/DrawText/3x5_shaded_selected/asm/fnt_4x6_shd_sel_48_DN0.asm,e2ad0dc1d9dea9d533ff4faab272afe83c53b679,2026-10-06,
engine/graphics/font/DrawText/3x5_shaded_selected/asm/fnt_4x6_shd_sel_49_DN0.asm,engine/graphics/font/DrawText/3x5_shaded_selected/asm/fnt_4x6_shd_sel_49_DN0.asm,e2ad0dc1d9dea9d533ff4faab272afe83c53b679,2026-10-06,
engine/graphics/font/DrawText/3x5_shaded_selected/asm/fnt_4x6_shd_sel_50_DN0.asm,engine/graphics/font/DrawText/3x5_shaded_selected/asm/fnt_4x6_shd_sel_50_DN0.asm,e2ad0dc1d9dea9d533ff4faab272afe83c53b679,2026-10-06,
engine/graphics/font/DrawText/3x5_shaded_selected/asm/fnt_4x6_shd_sel_51_DN0.asm,engine/graphics/font/DrawText/3x5_shaded_selected/asm/fnt_4x6_shd_sel_51_DN0.asm,e2ad0dc1d9dea9d533ff4faab272afe83c53b679,2026-10-06,
engine/graphics/font/DrawText/3x5_shaded_selected/asm/fnt_4x6_shd_sel_52_DN0.asm,engine/graphics/font/DrawText/3x5_shaded_selected/asm/fnt_4x6_shd_sel_52_DN0.asm,e2ad0dc1d9dea9d533ff4faab272afe83c53b679,2026-10-06,
engine/graphics/font/DrawText/3x5_shaded_selected/asm/fnt_4x6_shd_sel_53_DN0.asm,engine/graphics/font/DrawText/3x5_shaded_selected/asm/fnt_4x6_shd_sel_53_DN0.asm,e2ad0dc1d9dea9d533ff4faab272afe83c53b679,2026-10-06,
engine/graphics/font/DrawText/3x5_shaded_selected/asm/fnt_4x6_shd_sel_54_DN0.asm,engine/graphics/font/DrawText/3x5_shaded_selected/asm/fnt_4x6_shd_sel_54_DN0.asm,e2ad0dc1d9dea9d533ff4faab272afe83c53b679,2026-10-06,
engine/graphics/font/DrawText/3x5_shaded_selected/asm/fnt_4x6_shd_sel_55_DN0.asm,engine/graphics/font/DrawText/3x5_shaded_selected/asm/fnt_4x6_shd_sel_55_DN0.asm,e2ad0dc1d9dea9d533ff4faab272afe83c53b679,2026-10-06,
engine/graphics/font/DrawText/3x5_shaded_selected/asm/fnt_4x6_shd_sel_56_DN0.asm,engine/graphics/font/DrawText/3x5_shaded_selected/asm/fnt_4x6_shd_sel_56_DN0.asm,e2ad0dc1d9dea9d533ff4faab272afe83c53b679,2026-10-06,
engine/graphics/font/DrawText/3x5_shaded_selected/asm/fnt_4x6_shd_sel_57_DN0.asm,engine/graphics/font/DrawText/3x5_shaded_selected/asm/fnt_4x6_shd_sel_57_DN0.asm,e2ad0dc1d9dea9d533ff4faab272afe83c53b679,2026-10-06,
engine/graphics/font/DrawText/3x5_shaded_selected/asm/fnt_4x6_shd_sel_58_DN0.asm,engine/graphics/font/DrawText/3x5_shaded_selected/asm/fnt_4x6_shd_sel_58_DN0.asm,e2ad0dc1d9dea9d533ff4faab272afe83c53b679,2026-10-06,
engine/graphics/font/DrawText/3x5_shaded_selected/asm/fnt_4x6_shd_sel_59_DN0.asm,engine/graphics/font/DrawText/3x5_shaded_selected/asm/fnt_4x6_shd_sel_59_DN0.asm,e2ad0dc1d9dea9d533ff4faab272afe83c53b679,2026-10-06,
engine/graphics/font/DrawText/3x5_shaded_selected/asm/fnt_4x6_shd_sel_60_DN0.asm,engine/graphics/font/DrawText/3x5_shaded_selected/asm/fnt_4x6_shd_sel_60_DN0.asm,e2ad0dc1d9dea9d533ff4faab272afe83c53b679,2026-10-06,
engine/graphics/font/DrawText/3x5_shaded_selected/asm/fnt_4x6_shd_sel_61_DN0.asm,engine/graphics/font/DrawText/3x5_shaded_selected/asm/fnt_4x6_shd_sel_61_DN0.asm,e2ad0dc1d9dea9d533ff4faab272afe83c53b679,2026-10-06,
engine/graphics/font/DrawText/3x5_shaded_selected/asm/fnt_4x6_shd_sel_62_DN0.asm,engine/graphics/font/DrawText/3x5_shaded_selected/asm/fnt_4x6_shd_sel_62_DN0.asm,e2ad0dc1d9dea9d533ff4faab272afe83c53b679,2026-10-06,
engine/graphics/font/DrawText/3x5_shaded_selected/asm/fnt_4x6_shd_sel_63_DN0.asm,engine/graphics/font/DrawText/3x5_shaded_selected/asm/fnt_4x6_shd_sel_63_DN0.asm,e2ad0dc1d9dea9d533ff4faab272afe83c53b679,2026-10-06,
engine/graphics/font/DrawText/3x5_shaded_selected/asm/fnt_4x6_shd_sel_64_DN0.asm,engine/graphics/font/DrawText/3x5_shaded_selected/asm/fnt_4x6_shd_sel_64_DN0.asm,e2ad0dc1d9dea9d533ff4faab272afe83c53b679,2026-10-06,
engine/graphics/font/DrawText/3x5_shaded_selected/asm/fnt_4x6_shd_sel_91_DN0.asm,engine/graphics/font/DrawText/3x5_shaded_selected/asm/fnt_4x6_shd_sel_91_DN0.asm,e2ad0dc1d9dea9d533ff4faab272afe83c53b679,2026-10-06,
engine/graphics/font/DrawText/3x5_shaded_selected/asm/fnt_4x6_shd_sel_92_DN0.asm,engine/graphics/font/DrawText/3x5_shaded_selected/asm/fnt_4x6_shd_sel_92_DN0.asm,e2ad0dc1d9dea9d533ff4faab272afe83c53b679,2026-10-06,
engine/graphics/font/DrawText/3x5_shaded_selected/asm/fnt_4x6_shd_sel_93_DN0.asm,engine/graphics/font/DrawText/3x5_shaded_selected/asm/fnt_4x6_shd_sel_93_DN0.asm,e2ad0dc1d9dea9d533ff4faab272afe83c53b679,2026-10-06,
engine/graphics/font/DrawText/3x5_shaded_selected/asm/fnt_4x6_shd_sel_94_DN0.asm,engine/graphics/font/DrawText/3x5_shaded_selected/asm/fnt_4x6_shd_sel_94_DN0.asm,e2ad0dc1d9dea9d533ff4faab272afe83c53b679,2026-10-06,
engine/graphics/font/DrawText/3x5_shaded_selected/asm/fnt_4x6_shd_sel_95_DN0.asm,engine/graphics/font/DrawText/3x5_shaded_selected/asm/fnt_4x6_shd_sel_95_DN0.asm,e2ad0dc1d9dea9d533ff4faab272afe83c53b679,2026-10-06,
engine/graphics/image/GetImgIdA.asm,engine/graphics/image/GetImgIdA.asm,f873642ee58b8c6d294d174a68d1124392daf3ae,2026-10-07,
engine/graphics/draw/DrawFullscreenImage.asm,engine/graphics/draw/DrawFullscreenImage.asm,87c7ec01b43cd7e53f66f82c68490c80d14e0363,2026-10-07,
