statut,v1_path,v2_path
V1-SEUL,engine/graphics/animation/AnimateMove.asm,
V1-SEUL,engine/graphics/animation/AnimateSprite.asm,
V1-SEUL,engine/graphics/animation/AnimateSpriteAdv.asm,
V1-SEUL,engine/graphics/animation/AnimateSpriteAdvLoad.asm,
V1-SEUL,engine/graphics/animation/AnimateSpriteAdvSync.asm,
V1-SEUL,engine/graphics/animation/AnimateSpriteLoad.asm,
V1-SEUL,engine/graphics/animation/AnimateSpriteSync.asm,
V2-SEUL,,engine/system/thomson/controller/ascii.const.asm
V1-SEUL,engine/math/tmp/atan2.asm,
V1-SEUL,engine/graphics/camera/AutoScroll.asm,
V1-SEUL,engine/graphics/camera/AutoScroll.equ,
V1-SEUL,engine/ram/BankSwitch.asm,
V1-SEUL,engine/graphics/sprite/background-erase-mode/BgBufferAlloc.asm,
V1-SEUL,engine/graphics/codec/bm4.drawChunbks.asm,
V1-SEUL,engine/boot/boot-fd.asm,
V1-SEUL,engine/boot/boot-t2-flash.asm,
V1-SEUL,engine/boot/boot-t2.asm,
V2-SEUL,,engine/system/mo6/bootloader/boot.asm
V2-SEUL,,engine/system/to8/bootloader/boot.asm
V1-SEUL,engine/graphics/tilemap/vscroll/buffer.asm,
V1-SEUL,engine/graphics/sprite/overlay-mode/BuildSprites.asm,
V2-SEUL,,engine/system/mo6/sound/buzzer.macro.asm
V1-SEUL,engine/math/CalcAngle.asm,
V1-SEUL,engine/math/CalcSine.asm,
V1-SEUL,engine/math/tmp/castelvaniaII_atan2_cosine.asm,
V1-SEUL,engine/graphics/camera/CheckCameraMove.asm,
V1-SEUL,engine/graphics/sprite/background-erase-mode/CheckSpritesRefresh.asm,
V1-SEUL,engine/ram/ClearCartMemory.asm,
V1-SEUL,engine/ram/ClearDataMemory.asm,
V1-SEUL,engine/ram/ClearDataMemoryRAMx.asm,
V1-SEUL,engine/graphics/clear/ClearInterlacedDataMemory.asm,
V1-SEUL,engine/graphics/clear/ClearVerticalBandLR.asm,
V1-SEUL,engine/collision/collision-do.asm,
V1-SEUL,engine/collision/collision-list.asm,
V1-SEUL,engine/collision/collision.asm,
V1-SEUL,engine/graphics/animation/constants-animation.equ,
V1-SEUL,engine/constants.asm,
V1-SEUL,engine/ram/CopyPageATo0.asm,
V2-SEUL,,engine/system/thomson/sound/dac.enable.asm
V2-SEUL,,engine/system/thomson/sound/dac.mute.asm
V1-SEUL,engine/graphics/codec/DecRLE00.asm,
V1-SEUL,engine/graphics/sprite/background-erase-mode/DeleteObject.asm,
V1-SEUL,engine/graphics/sprite/overlay-mode/DeleteObject.asm,
V1-SEUL,engine/graphics/sprite/background-erase-mode/DisplaySprite.asm,
V1-SEUL,engine/graphics/sprite/overlay-mode/DisplaySprite.asm,
V1-SEUL,engine/graphics/draw/DrawFullscreenImage.asm,
V1-SEUL,engine/graphics/draw/DrawFullscreenInterlacedImage.asm,
V1-SEUL,engine/graphics/draw/DrawHLine.asm,
V1-SEUL,engine/graphics/font/DrawText/DrawOneChar.asm,
V1-SEUL,engine/graphics/sprite/background-erase-mode/DrawSprites.asm,
V1-SEUL,engine/graphics/sprite/background-erase-mode/DrawSpritesExtEnc.asm,
V1-SEUL,engine/graphics/font/DrawText/DrawText.asm,
V1-SEUL,engine/ram/DynCode.asm,
V1-SEUL,engine/graphics/sprite/background-erase-mode/EraseSprites.asm,
V1-SEUL,engine/sound/vgc/lib/exomiser.asm,
V1-SEUL,engine/sound/vgc/lib/exomiser.h.asm,
V1-SEUL,engine/compression/exomizer/exomizer.asm,
V1-SEUL,engine/objects/palette/fade/fade.asm,
V1-SEUL,engine/objects/palette/fade/fade.equ,
V2-SEUL,,engine/pack/firq.asm
V2-SEUL,,engine/sound/firq.pcm.asm
V2-SEUL,,engine/sound/firq.pcm.const.asm
V2-SEUL,,engine/sound/firq.pcm.macro.asm
V2-SEUL,,engine/memory/malloc/firstfit.asm
V1-SEUL,engine/graphics/font/DrawText/3x5_shaded/asm/fnt_4x6_shd_00_DN0.asm,
V1-SEUL,engine/graphics/font/DrawText/3x5_shaded/asm/fnt_4x6_shd_01_DN0.asm,
V1-SEUL,engine/graphics/font/DrawText/3x5_shaded/asm/fnt_4x6_shd_02_DN0.asm,
V1-SEUL,engine/graphics/font/DrawText/3x5_shaded/asm/fnt_4x6_shd_03_DN0.asm,
V1-SEUL,engine/graphics/font/DrawText/3x5_shaded/asm/fnt_4x6_shd_04_DN0.asm,
V1-SEUL,engine/graphics/font/DrawText/3x5_shaded/asm/fnt_4x6_shd_05_DN0.asm,
V1-SEUL,engine/graphics/font/DrawText/3x5_shaded/asm/fnt_4x6_shd_06_DN0.asm,
V1-SEUL,engine/graphics/font/DrawText/3x5_shaded/asm/fnt_4x6_shd_07_DN0.asm,
V1-SEUL,engine/graphics/font/DrawText/3x5_shaded/asm/fnt_4x6_shd_08_DN0.asm,
V1-SEUL,engine/graphics/font/DrawText/3x5_shaded/asm/fnt_4x6_shd_09_DN0.asm,
V1-SEUL,engine/graphics/font/DrawText/3x5_shaded/asm/fnt_4x6_shd_10_DN0.asm,
V1-SEUL,engine/graphics/font/DrawText/3x5_shaded/asm/fnt_4x6_shd_11_DN0.asm,
V1-SEUL,engine/graphics/font/DrawText/3x5_shaded/asm/fnt_4x6_shd_12_DN0.asm,
V1-SEUL,engine/graphics/font/DrawText/3x5_shaded/asm/fnt_4x6_shd_13_DN0.asm,
V1-SEUL,engine/graphics/font/DrawText/3x5_shaded/asm/fnt_4x6_shd_14_DN0.asm,
V1-SEUL,engine/graphics/font/DrawText/3x5_shaded/asm/fnt_4x6_shd_15_DN0.asm,
V1-SEUL,engine/graphics/font/DrawText/3x5_shaded/asm/fnt_4x6_shd_16_DN0.asm,
V1-SEUL,engine/graphics/font/DrawText/3x5_shaded/asm/fnt_4x6_shd_17_DN0.asm,
V1-SEUL,engine/graphics/font/DrawText/3x5_shaded/asm/fnt_4x6_shd_18_DN0.asm,
V1-SEUL,engine/graphics/font/DrawText/3x5_shaded/asm/fnt_4x6_shd_19_DN0.asm,
V1-SEUL,engine/graphics/font/DrawText/3x5_shaded/asm/fnt_4x6_shd_20_DN0.asm,
V1-SEUL,engine/graphics/font/DrawText/3x5_shaded/asm/fnt_4x6_shd_21_DN0.asm,
V1-SEUL,engine/graphics/font/DrawText/3x5_shaded/asm/fnt_4x6_shd_22_DN0.asm,
V1-SEUL,engine/graphics/font/DrawText/3x5_shaded/asm/fnt_4x6_shd_23_DN0.asm,
V1-SEUL,engine/graphics/font/DrawText/3x5_shaded/asm/fnt_4x6_shd_24_DN0.asm,
V1-SEUL,engine/graphics/font/DrawText/3x5_shaded/asm/fnt_4x6_shd_25_DN0.asm,
V1-SEUL,engine/graphics/font/DrawText/3x5_shaded/asm/fnt_4x6_shd_26_DN0.asm,
V1-SEUL,engine/graphics/font/DrawText/3x5_shaded/asm/fnt_4x6_shd_27_DN0.asm,
V1-SEUL,engine/graphics/font/DrawText/3x5_shaded/asm/fnt_4x6_shd_28_DN0.asm,
V1-SEUL,engine/graphics/font/DrawText/3x5_shaded/asm/fnt_4x6_shd_29_DN0.asm,
V1-SEUL,engine/graphics/font/DrawText/3x5_shaded/asm/fnt_4x6_shd_30_DN0.asm,
V1-SEUL,engine/graphics/font/DrawText/3x5_shaded/asm/fnt_4x6_shd_31_DN0.asm,
V1-SEUL,engine/graphics/font/DrawText/3x5_shaded/asm/fnt_4x6_shd_32_DN0.asm,
V1-SEUL,engine/graphics/font/DrawText/3x5_shaded/asm/fnt_4x6_shd_33_DN0.asm,
V1-SEUL,engine/graphics/font/DrawText/3x5_shaded/asm/fnt_4x6_shd_34_DN0.asm,
V1-SEUL,engine/graphics/font/DrawText/3x5_shaded/asm/fnt_4x6_shd_35_DN0.asm,
V1-SEUL,engine/graphics/font/DrawText/3x5_shaded/asm/fnt_4x6_shd_36_DN0.asm,
V1-SEUL,engine/graphics/font/DrawText/3x5_shaded/asm/fnt_4x6_shd_37_DN0.asm,
V1-SEUL,engine/graphics/font/DrawText/3x5_shaded/asm/fnt_4x6_shd_38_DN0.asm,
V1-SEUL,engine/graphics/font/DrawText/3x5_shaded/asm/fnt_4x6_shd_39_DN0.asm,
V1-SEUL,engine/graphics/font/DrawText/3x5_shaded/asm/fnt_4x6_shd_40_DN0.asm,
V1-SEUL,engine/graphics/font/DrawText/3x5_shaded/asm/fnt_4x6_shd_41_DN0.asm,
V1-SEUL,engine/graphics/font/DrawText/3x5_shaded/asm/fnt_4x6_shd_42_DN0.asm,
V1-SEUL,engine/graphics/font/DrawText/3x5_shaded/asm/fnt_4x6_shd_43_DN0.asm,
V1-SEUL,engine/graphics/font/DrawText/3x5_shaded/asm/fnt_4x6_shd_44_DN0.asm,
V1-SEUL,engine/graphics/font/DrawText/3x5_shaded/asm/fnt_4x6_shd_45_DN0.asm,
V1-SEUL,engine/graphics/font/DrawText/3x5_shaded/asm/fnt_4x6_shd_46_DN0.asm,
V1-SEUL,engine/graphics/font/DrawText/3x5_shaded/asm/fnt_4x6_shd_47_DN0.asm,
V1-SEUL,engine/graphics/font/DrawText/3x5_shaded/asm/fnt_4x6_shd_48_DN0.asm,
V1-SEUL,engine/graphics/font/DrawText/3x5_shaded/asm/fnt_4x6_shd_49_DN0.asm,
V1-SEUL,engine/graphics/font/DrawText/3x5_shaded/asm/fnt_4x6_shd_50_DN0.asm,
V1-SEUL,engine/graphics/font/DrawText/3x5_shaded/asm/fnt_4x6_shd_51_DN0.asm,
V1-SEUL,engine/graphics/font/DrawText/3x5_shaded/asm/fnt_4x6_shd_52_DN0.asm,
V1-SEUL,engine/graphics/font/DrawText/3x5_shaded/asm/fnt_4x6_shd_53_DN0.asm,
V1-SEUL,engine/graphics/font/DrawText/3x5_shaded/asm/fnt_4x6_shd_54_DN0.asm,
V1-SEUL,engine/graphics/font/DrawText/3x5_shaded/asm/fnt_4x6_shd_55_DN0.asm,
V1-SEUL,engine/graphics/font/DrawText/3x5_shaded/asm/fnt_4x6_shd_56_DN0.asm,
V1-SEUL,engine/graphics/font/DrawText/3x5_shaded/asm/fnt_4x6_shd_57_DN0.asm,
V1-SEUL,engine/graphics/font/DrawText/3x5_shaded/asm/fnt_4x6_shd_58_DN0.asm,
V1-SEUL,engine/graphics/font/DrawText/3x5_shaded/asm/fnt_4x6_shd_59_DN0.asm,
V1-SEUL,engine/graphics/font/DrawText/3x5_shaded/asm/fnt_4x6_shd_60_DN0.asm,
V1-SEUL,engine/graphics/font/DrawText/3x5_shaded/asm/fnt_4x6_shd_61_DN0.asm,
V1-SEUL,engine/graphics/font/DrawText/3x5_shaded/asm/fnt_4x6_shd_62_DN0.asm,
V1-SEUL,engine/graphics/font/DrawText/3x5_shaded/asm/fnt_4x6_shd_63_DN0.asm,
V1-SEUL,engine/graphics/font/DrawText/3x5_shaded/asm/fnt_4x6_shd_64_DN0.asm,
V1-SEUL,engine/graphics/font/DrawText/3x5_shaded/asm/fnt_4x6_shd_65_DN0.asm,
V1-SEUL,engine/graphics/font/DrawText/3x5_shaded/asm/fnt_4x6_shd_66_DN0.asm,
V1-SEUL,engine/graphics/font/DrawText/3x5_shaded/asm/fnt_4x6_shd_67_DN0.asm,
V1-SEUL,engine/graphics/font/DrawText/3x5_shaded/asm/fnt_4x6_shd_68_DN0.asm,
V1-SEUL,engine/graphics/font/DrawText/3x5_shaded/asm/fnt_4x6_shd_69_DN0.asm,
V1-SEUL,engine/graphics/font/DrawText/3x5_shaded/asm/fnt_4x6_shd_70_DN0.asm,
V1-SEUL,engine/graphics/font/DrawText/3x5_shaded/asm/fnt_4x6_shd_71_DN0.asm,
V1-SEUL,engine/graphics/font/DrawText/3x5_shaded/asm/fnt_4x6_shd_72_DN0.asm,
V1-SEUL,engine/graphics/font/DrawText/3x5_shaded/asm/fnt_4x6_shd_73_DN0.asm,
V1-SEUL,engine/graphics/font/DrawText/3x5_shaded/asm/fnt_4x6_shd_74_DN0.asm,
V1-SEUL,engine/graphics/font/DrawText/3x5_shaded/asm/fnt_4x6_shd_75_DN0.asm,
V1-SEUL,engine/graphics/font/DrawText/3x5_shaded/asm/fnt_4x6_shd_76_DN0.asm,
V1-SEUL,engine/graphics/font/DrawText/3x5_shaded/asm/fnt_4x6_shd_77_DN0.asm,
V1-SEUL,engine/graphics/font/DrawText/3x5_shaded/asm/fnt_4x6_shd_78_DN0.asm,
V1-SEUL,engine/graphics/font/DrawText/3x5_shaded/asm/fnt_4x6_shd_79_DN0.asm,
V1-SEUL,engine/graphics/font/DrawText/3x5_shaded/asm/fnt_4x6_shd_80_DN0.asm,
V1-SEUL,engine/graphics/font/DrawText/3x5_shaded/asm/fnt_4x6_shd_81_DN0.asm,
V1-SEUL,engine/graphics/font/DrawText/3x5_shaded/asm/fnt_4x6_shd_82_DN0.asm,
V1-SEUL,engine/graphics/font/DrawText/3x5_shaded/asm/fnt_4x6_shd_83_DN0.asm,
V1-SEUL,engine/graphics/font/DrawText/3x5_shaded/asm/fnt_4x6_shd_84_DN0.asm,
V1-SEUL,engine/graphics/font/DrawText/3x5_shaded/asm/fnt_4x6_shd_85_DN0.asm,
V1-SEUL,engine/graphics/font/DrawText/3x5_shaded/asm/fnt_4x6_shd_86_DN0.asm,
V1-SEUL,engine/graphics/font/DrawText/3x5_shaded/asm/fnt_4x6_shd_87_DN0.asm,
V1-SEUL,engine/graphics/font/DrawText/3x5_shaded/asm/fnt_4x6_shd_88_DN0.asm,
V1-SEUL,engine/graphics/font/DrawText/3x5_shaded/asm/fnt_4x6_shd_89_DN0.asm,
V1-SEUL,engine/graphics/font/DrawText/3x5_shaded/asm/fnt_4x6_shd_90_DN0.asm,
V1-SEUL,engine/graphics/font/DrawText/3x5_shaded/asm/fnt_4x6_shd_91_DN0.asm,
V1-SEUL,engine/graphics/font/DrawText/3x5_shaded/asm/fnt_4x6_shd_92_DN0.asm,
V1-SEUL,engine/graphics/font/DrawText/3x5_shaded/asm/fnt_4x6_shd_93_DN0.asm,
V1-SEUL,engine/graphics/font/DrawText/3x5_shaded/asm/fnt_4x6_shd_94_DN0.asm,
V1-SEUL,engine/graphics/font/DrawText/3x5_shaded/asm/fnt_4x6_shd_95_DN0.asm,
V1-SEUL,engine/graphics/font/DrawText/3x5_shaded_disabled/asm/fnt_4x6_shd_dis_00_DN0.asm,
V1-SEUL,engine/graphics/font/DrawText/3x5_shaded_disabled/asm/fnt_4x6_shd_dis_01_DN0.asm,
V1-SEUL,engine/graphics/font/DrawText/3x5_shaded_disabled/asm/fnt_4x6_shd_dis_02_DN0.asm,
V1-SEUL,engine/graphics/font/DrawText/3x5_shaded_disabled/asm/fnt_4x6_shd_dis_03_DN0.asm,
V1-SEUL,engine/graphics/font/DrawText/3x5_shaded_disabled/asm/fnt_4x6_shd_dis_04_DN0.asm,
V1-SEUL,engine/graphics/font/DrawText/3x5_shaded_disabled/asm/fnt_4x6_shd_dis_05_DN0.asm,
V1-SEUL,engine/graphics/font/DrawText/3x5_shaded_disabled/asm/fnt_4x6_shd_dis_06_DN0.asm,
V1-SEUL,engine/graphics/font/DrawText/3x5_shaded_disabled/asm/fnt_4x6_shd_dis_07_DN0.asm,
V1-SEUL,engine/graphics/font/DrawText/3x5_shaded_disabled/asm/fnt_4x6_shd_dis_08_DN0.asm,
V1-SEUL,engine/graphics/font/DrawText/3x5_shaded_disabled/asm/fnt_4x6_shd_dis_09_DN0.asm,
V1-SEUL,engine/graphics/font/DrawText/3x5_shaded_disabled/asm/fnt_4x6_shd_dis_10_DN0.asm,
V1-SEUL,engine/graphics/font/DrawText/3x5_shaded_disabled/asm/fnt_4x6_shd_dis_11_DN0.asm,
V1-SEUL,engine/graphics/font/DrawText/3x5_shaded_disabled/asm/fnt_4x6_shd_dis_12_DN0.asm,
V1-SEUL,engine/graphics/font/DrawText/3x5_shaded_disabled/asm/fnt_4x6_shd_dis_13_DN0.asm,
V1-SEUL,engine/graphics/font/DrawText/3x5_shaded_disabled/asm/fnt_4x6_shd_dis_14_DN0.asm,
V1-SEUL,engine/graphics/font/DrawText/3x5_shaded_disabled/asm/fnt_4x6_shd_dis_15_DN0.asm,
V1-SEUL,engine/graphics/font/DrawText/3x5_shaded_disabled/asm/fnt_4x6_shd_dis_16_DN0.asm,
V1-SEUL,engine/graphics/font/DrawText/3x5_shaded_disabled/asm/fnt_4x6_shd_dis_17_DN0.asm,
V1-SEUL,engine/graphics/font/DrawText/3x5_shaded_disabled/asm/fnt_4x6_shd_dis_18_DN0.asm,
V1-SEUL,engine/graphics/font/DrawText/3x5_shaded_disabled/asm/fnt_4x6_shd_dis_19_DN0.asm,
V1-SEUL,engine/graphics/font/DrawText/3x5_shaded_disabled/asm/fnt_4x6_shd_dis_20_DN0.asm,
V1-SEUL,engine/graphics/font/DrawText/3x5_shaded_disabled/asm/fnt_4x6_shd_dis_21_DN0.asm,
V1-SEUL,engine/graphics/font/DrawText/3x5_shaded_disabled/asm/fnt_4x6_shd_dis_22_DN0.asm,
V1-SEUL,engine/graphics/font/DrawText/3x5_shaded_disabled/asm/fnt_4x6_shd_dis_23_DN0.asm,
V1-SEUL,engine/graphics/font/DrawText/3x5_shaded_disabled/asm/fnt_4x6_shd_dis_24_DN0.asm,
V1-SEUL,engine/graphics/font/DrawText/3x5_shaded_disabled/asm/fnt_4x6_shd_dis_25_DN0.asm,
V1-SEUL,engine/graphics/font/DrawText/3x5_shaded_disabled/asm/fnt_4x6_shd_dis_26_DN0.asm,
V1-SEUL,engine/graphics/font/DrawText/3x5_shaded_disabled/asm/fnt_4x6_shd_dis_27_DN0.asm,
V1-SEUL,engine/graphics/font/DrawText/3x5_shaded_disabled/asm/fnt_4x6_shd_dis_28_DN0.asm,
V1-SEUL,engine/graphics/font/DrawText/3x5_shaded_disabled/asm/fnt_4x6_shd_dis_29_DN0.asm,
V1-SEUL,engine/graphics/font/DrawText/3x5_shaded_disabled/asm/fnt_4x6_shd_dis_30_DN0.asm,
V1-SEUL,engine/graphics/font/DrawText/3x5_shaded_disabled/asm/fnt_4x6_shd_dis_31_DN0.asm,
V1-SEUL,engine/graphics/font/DrawText/3x5_shaded_disabled/asm/fnt_4x6_shd_dis_32_DN0.asm,
V1-SEUL,engine/graphics/font/DrawText/3x5_shaded_disabled/asm/fnt_4x6_shd_dis_33_DN0.asm,
V1-SEUL,engine/graphics/font/DrawText/3x5_shaded_disabled/asm/fnt_4x6_shd_dis_34_DN0.asm,
V1-SEUL,engine/graphics/font/DrawText/3x5_shaded_disabled/asm/fnt_4x6_shd_dis_35_DN0.asm,
V1-SEUL,engine/graphics/font/DrawText/3x5_shaded_disabled/asm/fnt_4x6_shd_dis_36_DN0.asm,
V1-SEUL,engine/graphics/font/DrawText/3x5_shaded_disabled/asm/fnt_4x6_shd_dis_37_DN0.asm,
V1-SEUL,engine/graphics/font/DrawText/3x5_shaded_disabled/asm/fnt_4x6_shd_dis_38_DN0.asm,
V1-SEUL,engine/graphics/font/DrawText/3x5_shaded_disabled/asm/fnt_4x6_shd_dis_39_DN0.asm,
V1-SEUL,engine/graphics/font/DrawText/3x5_shaded_disabled/asm/fnt_4x6_shd_dis_40_DN0.asm,
V1-SEUL,engine/graphics/font/DrawText/3x5_shaded_disabled/asm/fnt_4x6_shd_dis_41_DN0.asm,
V1-SEUL,engine/graphics/font/DrawText/3x5_shaded_disabled/asm/fnt_4x6_shd_dis_42_DN0.asm,
V1-SEUL,engine/graphics/font/DrawText/3x5_shaded_disabled/asm/fnt_4x6_shd_dis_43_DN0.asm,
V1-SEUL,engine/graphics/font/DrawText/3x5_shaded_disabled/asm/fnt_4x6_shd_dis_44_DN0.asm,
V1-SEUL,engine/graphics/font/DrawText/3x5_shaded_disabled/asm/fnt_4x6_shd_dis_45_DN0.asm,
V1-SEUL,engine/graphics/font/DrawText/3x5_shaded_disabled/asm/fnt_4x6_shd_dis_46_DN0.asm,
V1-SEUL,engine/graphics/font/DrawText/3x5_shaded_disabled/asm/fnt_4x6_shd_dis_47_DN0.asm,
V1-SEUL,engine/graphics/font/DrawText/3x5_shaded_disabled/asm/fnt_4x6_shd_dis_48_DN0.asm,
V1-SEUL,engine/graphics/font/DrawText/3x5_shaded_disabled/asm/fnt_4x6_shd_dis_49_DN0.asm,
V1-SEUL,engine/graphics/font/DrawText/3x5_shaded_disabled/asm/fnt_4x6_shd_dis_50_DN0.asm,
V1-SEUL,engine/graphics/font/DrawText/3x5_shaded_disabled/asm/fnt_4x6_shd_dis_51_DN0.asm,
V1-SEUL,engine/graphics/font/DrawText/3x5_shaded_disabled/asm/fnt_4x6_shd_dis_52_DN0.asm,
V1-SEUL,engine/graphics/font/DrawText/3x5_shaded_disabled/asm/fnt_4x6_shd_dis_53_DN0.asm,
V1-SEUL,engine/graphics/font/DrawText/3x5_shaded_disabled/asm/fnt_4x6_shd_dis_54_DN0.asm,
V1-SEUL,engine/graphics/font/DrawText/3x5_shaded_disabled/asm/fnt_4x6_shd_dis_55_DN0.asm,
V1-SEUL,engine/graphics/font/DrawText/3x5_shaded_disabled/asm/fnt_4x6_shd_dis_56_DN0.asm,
V1-SEUL,engine/graphics/font/DrawText/3x5_shaded_disabled/asm/fnt_4x6_shd_dis_57_DN0.asm,
V1-SEUL,engine/graphics/font/DrawText/3x5_shaded_disabled/asm/fnt_4x6_shd_dis_58_DN0.asm,
V1-SEUL,engine/graphics/font/DrawText/3x5_shaded_disabled/asm/fnt_4x6_shd_dis_59_DN0.asm,
V1-SEUL,engine/graphics/font/DrawText/3x5_shaded_disabled/asm/fnt_4x6_shd_dis_60_DN0.asm,
V1-SEUL,engine/graphics/font/DrawText/3x5_shaded_disabled/asm/fnt_4x6_shd_dis_61_DN0.asm,
V1-SEUL,engine/graphics/font/DrawText/3x5_shaded_disabled/asm/fnt_4x6_shd_dis_62_DN0.asm,
V1-SEUL,engine/graphics/font/DrawText/3x5_shaded_disabled/asm/fnt_4x6_shd_dis_63_DN0.asm,
V1-SEUL,engine/graphics/font/DrawText/3x5_shaded_disabled/asm/fnt_4x6_shd_dis_64_DN0.asm,
V1-SEUL,engine/graphics/font/DrawText/3x5_shaded_disabled/asm/fnt_4x6_shd_dis_65_DN0.asm,
V1-SEUL,engine/graphics/font/DrawText/3x5_shaded_disabled/asm/fnt_4x6_shd_dis_66_DN0.asm,
V1-SEUL,engine/graphics/font/DrawText/3x5_shaded_disabled/asm/fnt_4x6_shd_dis_67_DN0.asm,
V1-SEUL,engine/graphics/font/DrawText/3x5_shaded_disabled/asm/fnt_4x6_shd_dis_68_DN0.asm,
V1-SEUL,engine/graphics/font/DrawText/3x5_shaded_disabled/asm/fnt_4x6_shd_dis_69_DN0.asm,
V1-SEUL,engine/graphics/font/DrawText/3x5_shaded_disabled/asm/fnt_4x6_shd_dis_70_DN0.asm,
V1-SEUL,engine/graphics/font/DrawText/3x5_shaded_disabled/asm/fnt_4x6_shd_dis_71_DN0.asm,
V1-SEUL,engine/graphics/font/DrawText/3x5_shaded_disabled/asm/fnt_4x6_shd_dis_72_DN0.asm,
V1-SEUL,engine/graphics/font/DrawText/3x5_shaded_disabled/asm/fnt_4x6_shd_dis_73_DN0.asm,
V1-SEUL,engine/graphics/font/DrawText/3x5_shaded_disabled/asm/fnt_4x6_shd_dis_74_DN0.asm,
V1-SEUL,engine/graphics/font/DrawText/3x5_shaded_disabled/asm/fnt_4x6_shd_dis_75_DN0.asm,
V1-SEUL,engine/graphics/font/DrawText/3x5_shaded_disabled/asm/fnt_4x6_shd_dis_76_DN0.asm,
V1-SEUL,engine/graphics/font/DrawText/3x5_shaded_disabled/asm/fnt_4x6_shd_dis_77_DN0.asm,
V1-SEUL,engine/graphics/font/DrawText/3x5_shaded_disabled/asm/fnt_4x6_shd_dis_78_DN0.asm,
V1-SEUL,engine/graphics/font/DrawText/3x5_shaded_disabled/asm/fnt_4x6_shd_dis_79_DN0.asm,
V1-SEUL,engine/graphics/font/DrawText/3x5_shaded_disabled/asm/fnt_4x6_shd_dis_80_DN0.asm,
V1-SEUL,engine/graphics/font/DrawText/3x5_shaded_disabled/asm/fnt_4x6_shd_dis_81_DN0.asm,
V1-SEUL,engine/graphics/font/DrawText/3x5_shaded_disabled/asm/fnt_4x6_shd_dis_82_DN0.asm,
V1-SEUL,engine/graphics/font/DrawText/3x5_shaded_disabled/asm/fnt_4x6_shd_dis_83_DN0.asm,
V1-SEUL,engine/graphics/font/DrawText/3x5_shaded_disabled/asm/fnt_4x6_shd_dis_84_DN0.asm,
V1-SEUL,engine/graphics/font/DrawText/3x5_shaded_disabled/asm/fnt_4x6_shd_dis_85_DN0.asm,
V1-SEUL,engine/graphics/font/DrawText/3x5_shaded_disabled/asm/fnt_4x6_shd_dis_86_DN0.asm,
V1-SEUL,engine/graphics/font/DrawText/3x5_shaded_disabled/asm/fnt_4x6_shd_dis_87_DN0.asm,
V1-SEUL,engine/graphics/font/DrawText/3x5_shaded_disabled/asm/fnt_4x6_shd_dis_88_DN0.asm,
V1-SEUL,engine/graphics/font/DrawText/3x5_shaded_disabled/asm/fnt_4x6_shd_dis_89_DN0.asm,
V1-SEUL,engine/graphics/font/DrawText/3x5_shaded_disabled/asm/fnt_4x6_shd_dis_90_DN0.asm,
V1-SEUL,engine/graphics/font/DrawText/3x5_shaded_disabled/asm/fnt_4x6_shd_dis_91_DN0.asm,
V1-SEUL,engine/graphics/font/DrawText/3x5_shaded_disabled/asm/fnt_4x6_shd_dis_92_DN0.asm,
V1-SEUL,engine/graphics/font/DrawText/3x5_shaded_disabled/asm/fnt_4x6_shd_dis_93_DN0.asm,
V1-SEUL,engine/graphics/font/DrawText/3x5_shaded_disabled/asm/fnt_4x6_shd_dis_94_DN0.asm,
V1-SEUL,engine/graphics/font/DrawText/3x5_shaded_disabled/asm/fnt_4x6_shd_dis_95_DN0.asm,
V1-SEUL,engine/graphics/font/DrawText/3x5_shaded_selected/asm/fnt_4x6_shd_sel_00_DN0.asm,
V1-SEUL,engine/graphics/font/DrawText/3x5_shaded_selected/asm/fnt_4x6_shd_sel_01_DN0.asm,
V1-SEUL,engine/graphics/font/DrawText/3x5_shaded_selected/asm/fnt_4x6_shd_sel_02_DN0.asm,
V1-SEUL,engine/graphics/font/DrawText/3x5_shaded_selected/asm/fnt_4x6_shd_sel_03_DN0.asm,
V1-SEUL,engine/graphics/font/DrawText/3x5_shaded_selected/asm/fnt_4x6_shd_sel_04_DN0.asm,
V1-SEUL,engine/graphics/font/DrawText/3x5_shaded_selected/asm/fnt_4x6_shd_sel_05_DN0.asm,
V1-SEUL,engine/graphics/font/DrawText/3x5_shaded_selected/asm/fnt_4x6_shd_sel_06_DN0.asm,
V1-SEUL,engine/graphics/font/DrawText/3x5_shaded_selected/asm/fnt_4x6_shd_sel_07_DN0.asm,
V1-SEUL,engine/graphics/font/DrawText/3x5_shaded_selected/asm/fnt_4x6_shd_sel_08_DN0.asm,
V1-SEUL,engine/graphics/font/DrawText/3x5_shaded_selected/asm/fnt_4x6_shd_sel_09_DN0.asm,
V1-SEUL,engine/graphics/font/DrawText/3x5_shaded_selected/asm/fnt_4x6_shd_sel_10_DN0.asm,
V1-SEUL,engine/graphics/font/DrawText/3x5_shaded_selected/asm/fnt_4x6_shd_sel_11_DN0.asm,
V1-SEUL,engine/graphics/font/DrawText/3x5_shaded_selected/asm/fnt_4x6_shd_sel_12_DN0.asm,
V1-SEUL,engine/graphics/font/DrawText/3x5_shaded_selected/asm/fnt_4x6_shd_sel_13_DN0.asm,
V1-SEUL,engine/graphics/font/DrawText/3x5_shaded_selected/asm/fnt_4x6_shd_sel_14_DN0.asm,
V1-SEUL,engine/graphics/font/DrawText/3x5_shaded_selected/asm/fnt_4x6_shd_sel_15_DN0.asm,
V1-SEUL,engine/graphics/font/DrawText/3x5_shaded_selected/asm/fnt_4x6_shd_sel_16_DN0.asm,
V1-SEUL,engine/graphics/font/DrawText/3x5_shaded_selected/asm/fnt_4x6_shd_sel_17_DN0.asm,
V1-SEUL,engine/graphics/font/DrawText/3x5_shaded_selected/asm/fnt_4x6_shd_sel_18_DN0.asm,
V1-SEUL,engine/graphics/font/DrawText/3x5_shaded_selected/asm/fnt_4x6_shd_sel_19_DN0.asm,
V1-SEUL,engine/graphics/font/DrawText/3x5_shaded_selected/asm/fnt_4x6_shd_sel_20_DN0.asm,
V1-SEUL,engine/graphics/font/DrawText/3x5_shaded_selected/asm/fnt_4x6_shd_sel_21_DN0.asm,
V1-SEUL,engine/graphics/font/DrawText/3x5_shaded_selected/asm/fnt_4x6_shd_sel_22_DN0.asm,
V1-SEUL,engine/graphics/font/DrawText/3x5_shaded_selected/asm/fnt_4x6_shd_sel_23_DN0.asm,
V1-SEUL,engine/graphics/font/DrawText/3x5_shaded_selected/asm/fnt_4x6_shd_sel_24_DN0.asm,
V1-SEUL,engine/graphics/font/DrawText/3x5_shaded_selected/asm/fnt_4x6_shd_sel_25_DN0.asm,
V1-SEUL,engine/graphics/font/DrawText/3x5_shaded_selected/asm/fnt_4x6_shd_sel_26_DN0.asm,
V1-SEUL,engine/graphics/font/DrawText/3x5_shaded_selected/asm/fnt_4x6_shd_sel_27_DN0.asm,
V1-SEUL,engine/graphics/font/DrawText/3x5_shaded_selected/asm/fnt_4x6_shd_sel_28_DN0.asm,
V1-SEUL,engine/graphics/font/DrawText/3x5_shaded_selected/asm/fnt_4x6_shd_sel_29_DN0.asm,
V1-SEUL,engine/graphics/font/DrawText/3x5_shaded_selected/asm/fnt_4x6_shd_sel_30_DN0.asm,
V1-SEUL,engine/graphics/font/DrawText/3x5_shaded_selected/asm/fnt_4x6_shd_sel_31_DN0.asm,
V1-SEUL,engine/graphics/font/DrawText/3x5_shaded_selected/asm/fnt_4x6_shd_sel_32_DN0.asm,
V1-SEUL,engine/graphics/font/DrawText/3x5_shaded_selected/asm/fnt_4x6_shd_sel_33_DN0.asm,
V1-SEUL,engine/graphics/font/DrawText/3x5_shaded_selected/asm/fnt_4x6_shd_sel_34_DN0.asm,
V1-SEUL,engine/graphics/font/DrawText/3x5_shaded_selected/asm/fnt_4x6_shd_sel_35_DN0.asm,
V1-SEUL,engine/graphics/font/DrawText/3x5_shaded_selected/asm/fnt_4x6_shd_sel_36_DN0.asm,
V1-SEUL,engine/graphics/font/DrawText/3x5_shaded_selected/asm/fnt_4x6_shd_sel_37_DN0.asm,
V1-SEUL,engine/graphics/font/DrawText/3x5_shaded_selected/asm/fnt_4x6_shd_sel_38_DN0.asm,
V1-SEUL,engine/graphics/font/DrawText/3x5_shaded_selected/asm/fnt_4x6_shd_sel_39_DN0.asm,
V1-SEUL,engine/graphics/font/DrawText/3x5_shaded_selected/asm/fnt_4x6_shd_sel_40_DN0.asm,
V1-SEUL,engine/graphics/font/DrawText/3x5_shaded_selected/asm/fnt_4x6_shd_sel_41_DN0.asm,
V1-SEUL,engine/graphics/font/DrawText/3x5_shaded_selected/asm/fnt_4x6_shd_sel_42_DN0.asm,
V1-SEUL,engine/graphics/font/DrawText/3x5_shaded_selected/asm/fnt_4x6_shd_sel_43_DN0.asm,
V1-SEUL,engine/graphics/font/DrawText/3x5_shaded_selected/asm/fnt_4x6_shd_sel_44_DN0.asm,
V1-SEUL,engine/graphics/font/DrawText/3x5_shaded_selected/asm/fnt_4x6_shd_sel_45_DN0.asm,
V1-SEUL,engine/graphics/font/DrawText/3x5_shaded_selected/asm/fnt_4x6_shd_sel_46_DN0.asm,
V1-SEUL,engine/graphics/font/DrawText/3x5_shaded_selected/asm/fnt_4x6_shd_sel_47_DN0.asm,
V1-SEUL,engine/graphics/font/DrawText/3x5_shaded_selected/asm/fnt_4x6_shd_sel_48_DN0.asm,
V1-SEUL,engine/graphics/font/DrawText/3x5_shaded_selected/asm/fnt_4x6_shd_sel_49_DN0.asm,
V1-SEUL,engine/graphics/font/DrawText/3x5_shaded_selected/asm/fnt_4x6_shd_sel_50_DN0.asm,
V1-SEUL,engine/graphics/font/DrawText/3x5_shaded_selected/asm/fnt_4x6_shd_sel_51_DN0.asm,
V1-SEUL,engine/graphics/font/DrawText/3x5_shaded_selected/asm/fnt_4x6_shd_sel_52_DN0.asm,
V1-SEUL,engine/graphics/font/DrawText/3x5_shaded_selected/asm/fnt_4x6_shd_sel_53_DN0.asm,
V1-SEUL,engine/graphics/font/DrawText/3x5_shaded_selected/asm/fnt_4x6_shd_sel_54_DN0.asm,
V1-SEUL,engine/graphics/font/DrawText/3x5_shaded_selected/asm/fnt_4x6_shd_sel_55_DN0.asm,
V1-SEUL,engine/graphics/font/DrawText/3x5_shaded_selected/asm/fnt_4x6_shd_sel_56_DN0.asm,
V1-SEUL,engine/graphics/font/DrawText/3x5_shaded_selected/asm/fnt_4x6_shd_sel_57_DN0.asm,
V1-SEUL,engine/graphics/font/DrawText/3x5_shaded_selected/asm/fnt_4x6_shd_sel_58_DN0.asm,
V1-SEUL,engine/graphics/font/DrawText/3x5_shaded_selected/asm/fnt_4x6_shd_sel_59_DN0.asm,
V1-SEUL,engine/graphics/font/DrawText/3x5_shaded_selected/asm/fnt_4x6_shd_sel_60_DN0.asm,
V1-SEUL,engine/graphics/font/DrawText/3x5_shaded_selected/asm/fnt_4x6_shd_sel_61_DN0.asm,
V1-SEUL,engine/graphics/font/DrawText/3x5_shaded_selected/asm/fnt_4x6_shd_sel_62_DN0.asm,
V1-SEUL,engine/graphics/font/DrawText/3x5_shaded_selected/asm/fnt_4x6_shd_sel_63_DN0.asm,
V1-SEUL,engine/graphics/font/DrawText/3x5_shaded_selected/asm/fnt_4x6_shd_sel_64_DN0.asm,
V1-SEUL,engine/graphics/font/DrawText/3x5_shaded_selected/asm/fnt_4x6_shd_sel_65_DN0.asm,
V1-SEUL,engine/graphics/font/DrawText/3x5_shaded_selected/asm/fnt_4x6_shd_sel_66_DN0.asm,
V1-SEUL,engine/graphics/font/DrawText/3x5_shaded_selected/asm/fnt_4x6_shd_sel_67_DN0.asm,
V1-SEUL,engine/graphics/font/DrawText/3x5_shaded_selected/asm/fnt_4x6_shd_sel_68_DN0.asm,
V1-SEUL,engine/graphics/font/DrawText/3x5_shaded_selected/asm/fnt_4x6_shd_sel_69_DN0.asm,
V1-SEUL,engine/graphics/font/DrawText/3x5_shaded_selected/asm/fnt_4x6_shd_sel_70_DN0.asm,
V1-SEUL,engine/graphics/font/DrawText/3x5_shaded_selected/asm/fnt_4x6_shd_sel_71_DN0.asm,
V1-SEUL,engine/graphics/font/DrawText/3x5_shaded_selected/asm/fnt_4x6_shd_sel_72_DN0.asm,
V1-SEUL,engine/graphics/font/DrawText/3x5_shaded_selected/asm/fnt_4x6_shd_sel_73_DN0.asm,
V1-SEUL,engine/graphics/font/DrawText/3x5_shaded_selected/asm/fnt_4x6_shd_sel_74_DN0.asm,
V1-SEUL,engine/graphics/font/DrawText/3x5_shaded_selected/asm/fnt_4x6_shd_sel_75_DN0.asm,
V1-SEUL,engine/graphics/font/DrawText/3x5_shaded_selected/asm/fnt_4x6_shd_sel_76_DN0.asm,
V1-SEUL,engine/graphics/font/DrawText/3x5_shaded_selected/asm/fnt_4x6_shd_sel_77_DN0.asm,
V1-SEUL,engine/graphics/font/DrawText/3x5_shaded_selected/asm/fnt_4x6_shd_sel_78_DN0.asm,
V1-SEUL,engine/graphics/font/DrawText/3x5_shaded_selected/asm/fnt_4x6_shd_sel_79_DN0.asm,
V1-SEUL,engine/graphics/font/DrawText/3x5_shaded_selected/asm/fnt_4x6_shd_sel_80_DN0.asm,
V1-SEUL,engine/graphics/font/DrawText/3x5_shaded_selected/asm/fnt_4x6_shd_sel_81_DN0.asm,
V1-SEUL,engine/graphics/font/DrawText/3x5_shaded_selected/asm/fnt_4x6_shd_sel_82_DN0.asm,
V1-SEUL,engine/graphics/font/DrawText/3x5_shaded_selected/asm/fnt_4x6_shd_sel_83_DN0.asm,
V1-SEUL,engine/graphics/font/DrawText/3x5_shaded_selected/asm/fnt_4x6_shd_sel_84_DN0.asm,
V1-SEUL,engine/graphics/font/DrawText/3x5_shaded_selected/asm/fnt_4x6_shd_sel_85_DN0.asm,
V1-SEUL,engine/graphics/font/DrawText/3x5_shaded_selected/asm/fnt_4x6_shd_sel_86_DN0.asm,
V1-SEUL,engine/graphics/font/DrawText/3x5_shaded_selected/asm/fnt_4x6_shd_sel_87_DN0.asm,
V1-SEUL,engine/graphics/font/DrawText/3x5_shaded_selected/asm/fnt_4x6_shd_sel_88_DN0.asm,
V1-SEUL,engine/graphics/font/DrawText/3x5_shaded_selected/asm/fnt_4x6_shd_sel_89_DN0.asm,
V1-SEUL,engine/graphics/font/DrawText/3x5_shaded_selected/asm/fnt_4x6_shd_sel_90_DN0.asm,
V1-SEUL,engine/graphics/font/DrawText/3x5_shaded_selected/asm/fnt_4x6_shd_sel_91_DN0.asm,
V1-SEUL,engine/graphics/font/DrawText/3x5_shaded_selected/asm/fnt_4x6_shd_sel_92_DN0.asm,
V1-SEUL,engine/graphics/font/DrawText/3x5_shaded_selected/asm/fnt_4x6_shd_sel_93_DN0.asm,
V1-SEUL,engine/graphics/font/DrawText/3x5_shaded_selected/asm/fnt_4x6_shd_sel_94_DN0.asm,
V1-SEUL,engine/graphics/font/DrawText/3x5_shaded_selected/asm/fnt_4x6_shd_sel_95_DN0.asm,
V1-SEUL,engine/graphics/font/DrawText/3x5_shaded/asm/font.asm,
V1-SEUL,engine/graphics/font/DrawText/3x5_shaded_disabled/asm/font.asm,
V1-SEUL,engine/graphics/font/DrawText/3x5_shaded_selected/asm/font.asm,
V1-SEUL,engine/graphics/font/DrawText/3x5_shaded/asm/font_upper.asm,
V1-SEUL,engine/graphics/font/DrawText/3x5_shaded_disabled/asm/font_upper.asm,
V1-SEUL,engine/graphics/font/DrawText/3x5_shaded_selected/asm/font_upper.asm,
V1-SEUL,engine/sound/vgc/lib/fx.asm,
V1-SEUL,engine/graphics/image/GetImgIdA.asm,
V2-SEUL,,engine/system/mo6/graphics/gfx.memset..asm
V2-SEUL,,engine/system/mo6/graphics/gfx.memset.macro.asm
V1-SEUL,engine/graphics/font/DrawText/3x5_shaded/gfxcomp.xml,
V1-SEUL,engine/graphics/font/DrawText/3x5_shaded_selected/gfxcomp.xml,
DIFFERE,engine/graphics/buffer/gfxlock.asm,engine/system/thomson/graphics/buffer/gfxlock.asm
V2-SEUL,,engine/system/thomson/graphics/buffer/gfxlock.external.asm
DIFFERE,engine/graphics/buffer/gfxlock.macro.asm,engine/system/thomson/graphics/buffer/gfxlock.macro.asm
V2-SEUL,,engine/system/thomson/graphics/buffer/gfxlock.memset.asm
V2-SEUL,,engine/system/thomson/graphics/mode/gfxmode.macro.asm
V2-SEUL,,engine/global/glb.const.asm
V2-SEUL,,engine/global/glb.init.asm
V2-SEUL,,engine/global/glb.macro.asm
V1-SEUL,engine/graphics/line/hline.asm,
V1-SEUL,engine/graphics/tilemap/hscroll/hscroll.asm,
V1-SEUL,engine/graphics/tilemap/hscroll/hscroll.macro.asm,
V1-SEUL,engine/InitGlobals.asm,
V1-SEUL,engine/joypad/InitJoypads.asm,
DIFFERE,engine/irq/Irq.asm,engine/system/mo6/irq/irq.asm
DIFFERE,engine/irq/Irq.asm,engine/system/mo6/pack/irq.asm
DIFFERE,engine/irq/Irq.asm,engine/system/to8/irq/irq.asm
DIFFERE,engine/irq/Irq.asm,engine/system/to8/pack/irq.asm
DIFFERE,engine/sound/vgc/lib/irq.asm,engine/system/mo6/irq/irq.asm
DIFFERE,engine/sound/vgc/lib/irq.asm,engine/system/mo6/pack/irq.asm
DIFFERE,engine/sound/vgc/lib/irq.asm,engine/system/to8/irq/irq.asm
DIFFERE,engine/sound/vgc/lib/irq.asm,engine/system/to8/pack/irq.asm
V2-SEUL,,engine/system/mo6/irq/irq.const.asm
V2-SEUL,,engine/system/to8/irq/irq.const.asm
V2-SEUL,,engine/system/mo6/irq/irq.macro.asm
V2-SEUL,,engine/system/to8/irq/irq.macro.asm
V1-SEUL,engine/irq/IrqObjSmps.asm,
V1-SEUL,engine/irq/IrqSecond.asm,
V2-SEUL,,engine/system/mo6/controller/joypad.asm
V2-SEUL,,engine/system/to8/controller/joypad.asm
V1-SEUL,engine/joypad/joypad.buffer.asm,
DIFFERE,engine/joypad/joypad.const.asm,engine/system/mo6/controller/joypad.const.asm
DIFFERE,engine/joypad/joypad.const.asm,engine/system/to8/controller/joypad.const.asm
V2-SEUL,,engine/system/mo6/controller/joypad.kb.asm
V2-SEUL,,engine/system/to8/controller/joypad.kb.asm
DIFFERE,engine/joypad/joypad.md6.asm,engine/system/mo6/controller/joypad.md6.asm
DIFFERE,engine/joypad/joypad.md6.asm,engine/system/to8/controller/joypad.md6.asm
V2-SEUL,,engine/system/to8/controller/joypad.md6.dac.asm
V2-SEUL,,engine/system/mo6/controller/joypad.md6.kb.asm
V2-SEUL,,engine/system/to8/controller/joypad.md6.kb.asm
V2-SEUL,,engine/system/mo6/controller/keyboard.asm
V2-SEUL,,engine/system/to8/controller/keyboard.asm
V2-SEUL,,engine/system/mo6/controller/keyboard.fast.asm
V2-SEUL,,engine/system/to8/controller/keyboard.fast.asm
V2-SEUL,,engine/system/mo6/controller/keyboard.fast.macro.asm
V2-SEUL,,engine/system/to8/controller/keyboard.fast.macro.asm
V1-SEUL,engine/graphics/tilemap/data-types/layer.equ,
V2-SEUL,,engine/system/mo6/bootloader/loader.asm
V2-SEUL,,engine/system/thomson/bootloader/loader.asm
V2-SEUL,,engine/system/to8/bootloader/loader.asm
V2-SEUL,,engine/system/mo6/bootloader/loader.const.asm
V2-SEUL,,engine/system/thomson/bootloader/loader.const.asm
V2-SEUL,,engine/system/to8/bootloader/loader.const.asm
V2-SEUL,,engine/system/thomson/bootloader/loader.macro.asm
V2-SEUL,,engine/system/thomson/bootloader/loader.memoryPool.asm
V1-SEUL,engine/level-management/LoadGameMode.asm,
DIFFERE,engine/collision/macros.asm,engine/6809/macros.asm
DIFFERE,engine/macros.asm,engine/6809/macros.asm
DIFFERE,engine/system/to8/macros.asm,engine/6809/macros.asm
V1-SEUL,engine/main/main.asm,
V1-SEUL,engine/main/main.macro.asm,
V1-SEUL,engine/graphics/tilemap/data-types/map-16bits.equ,
DIFFERE,engine/system/to8/map.const.asm,engine/system/mo6/map.const.asm
DIFFERE,engine/system/to8/map.const.asm,engine/system/to8/map.const.asm
V1-SEUL,engine/keyboard/MapKeyboardToJoypads.asm,
V1-SEUL,engine/object-management/MarkObjGone.asm,
V2-SEUL,,engine/system/thomson/sound/mea8000.digitalized.read.asm
V2-SEUL,,engine/system/thomson/sound/mea8000.phonemes.asm
V2-SEUL,,engine/system/thomson/sound/mea8000.phonemes.const.asm
V2-SEUL,,engine/system/thomson/sound/mea8000.phonemes.read.asm
V2-SEUL,,engine/system/thomson/sound/mea8000.phonemes.read.irq.asm
V2-SEUL,,engine/system/thomson/sound/mea8000.phonemes.read.irq.macro.asm
V2-SEUL,,engine/memory/memcpy/memcpy-noirq.asm
V2-SEUL,,engine/memory/memcpy/memcpy.asm
V1-SEUL,engine/system/to8/memory-map.equ,
V2-SEUL,,engine/system/thomson/pack/monitor.asm
V2-SEUL,,engine/system/mo6/monitor/monitor.macro.asm
V2-SEUL,,engine/system/thomson/monitor/monitor.macro.asm
V2-SEUL,,engine/system/to8/monitor/monitor.macro.asm
V2-SEUL,,engine/system/thomson/monitor/monitor.print.asm
V1-SEUL,engine/graphics/animation/moveByScript.asm,
V2-SEUL,,engine/system/mo6/sound/mplus.const.asm
V2-SEUL,,engine/system/to8/sound/mplus.const.asm
V2-SEUL,,engine/pack/mub.asm
V2-SEUL,,engine/sound/mucom88/mub.asm
V2-SEUL,,engine/sound/mucom88/mub.const.asm
V2-SEUL,,engine/sound/mucom88/mub.external.asm
V2-SEUL,,engine/sound/mucom88/mub.macro.asm
V1-SEUL,engine/math/Mul9x16.asm,
V1-SEUL,engine/object-management/Obj_GetOrientationToPlayer.asm,
V1-SEUL,engine/object-management/Obj_Run.asm,
V1-SEUL,engine/object-management/Obj_Run.macro.asm,
V1-SEUL,engine/object-management/ObjectDp.asm,
V1-SEUL,engine/object-management/ObjectFall.asm,
V1-SEUL,engine/object-management/ObjectFallSync.asm,
V1-SEUL,engine/object-management/ObjectMove.asm,
V1-SEUL,engine/object-management/ObjectMoveSync.asm,
V1-SEUL,engine/objects/sound/objects.sound.macro.asm,
V1-SEUL,engine/object-management/ObjectWave-subtype.asm,
V1-SEUL,engine/object-management/objectWave.asm,
V1-SEUL,engine/object-management/objectWave.macro.asm,
V1-SEUL,engine/object-management/objectWaveDesc.asm,
V1-SEUL,engine/palette/color/Pal_black.asm,
V1-SEUL,engine/palette/color/Pal_white.asm,
V1-SEUL,engine/palette/PalCycling.asm,
V2-SEUL,,engine/system/mo6/palette/palette.const.asm
V2-SEUL,,engine/system/to8/palette/palette.const.asm
V2-SEUL,,engine/system/mo6/palette/palette.macro.asm
V2-SEUL,,engine/system/to8/palette/palette.macro.asm
V2-SEUL,,engine/system/mo6/palette/palette.update.asm
V2-SEUL,,engine/system/to8/palette/palette.update.asm
V1-SEUL,engine/palette/PalRaster_1c.asm,
V1-SEUL,engine/palette/PalUpdateNow.asm,
V1-SEUL,engine/palette/PalUpdateNowLean.asm,
V1-SEUL,engine/graphics/fade/pixel-fade.asm,
V1-SEUL,engine/sound/PlayDPCM16kHz.asm,
V1-SEUL,engine/sound/PlayDPCM8kHz.asm,
V1-SEUL,engine/sound/PlayPCM.asm,
V1-SEUL,engine/graphics/font/PrintString/PrintString.asm,
V1-SEUL,engine/sound/PSGlib.asm,
V2-SEUL,,engine/system/mo6/ram/ram.asm
V2-SEUL,,engine/system/to8/ram/ram.asm
V2-SEUL,,engine/system/mo6/ram/ram.macro.asm
V2-SEUL,,engine/system/to8/ram/ram.macro.asm
V1-SEUL,engine/ram/exo/RAMLoaderFd.asm,
V1-SEUL,engine/ram/zx0/RAMLoaderFd.asm,
V1-SEUL,engine/ram/RAMLoaderManagerFd.asm,
V1-SEUL,engine/ram/RAMLoaderManagerT2.asm,
V1-SEUL,engine/ram/exo/RAMLoaderT2.asm,
V1-SEUL,engine/ram/zx0/RAMLoaderT2.asm,
V2-SEUL,,engine/math/random.asm
V2-SEUL,,engine/math/random.macro.asm
V1-SEUL,engine/math/RandomNumber.asm,
V1-SEUL,engine/objects/palette/raster-fade/raster-fade.asm,
V1-SEUL,engine/objects/palette/raster-fade/raster-fade.equ,
V1-SEUL,engine/joypad/ReadJoypads.asm,
V1-SEUL,engine/joypad/ReadJoypads2.asm,
V1-SEUL,engine/joypad/ReadJoypadsKbd.asm,
V1-SEUL,engine/keyboard/ReadKeyboard.asm,
V1-SEUL,engine/math/rnd.macro.asm,
V1-SEUL,engine/object-management/RunObjects.asm,
V1-SEUL,engine/object-management/RunPgSubRoutine.asm,
V2-SEUL,,engine/system/mo6/controller/scancode.const.asm
V1-SEUL,engine/graphics/tilemap/horizontal-scroll/scroll-map-buffered-16x16.asm,
V1-SEUL,engine/graphics/tilemap/horizontal-scroll/scroll-map-buffered-even.asm,
V1-SEUL,engine/graphics/tilemap/horizontal-scroll/scroll-map-buffered-odd.asm,
V1-SEUL,engine/graphics/tilemap/horizontal-scroll/scroll-map-buffered.asm,
V1-SEUL,engine/sound/Smidi.asm,
V1-SEUL,engine/sound/Smps.asm,
V1-SEUL,engine/sound/Smps_S1.asm,
V1-SEUL,engine/sound/SmpsMidi.asm,
V1-SEUL,engine/sound/SmpsObj.asm,
V2-SEUL,,engine/system/mo6/sound/sn.1.const.asm
V2-SEUL,,engine/system/to8/sound/sn.1.const.asm
V2-SEUL,,engine/system/mo6/sound/sn.2.const.asm
V2-SEUL,,engine/system/to8/sound/sn.2.const.asm
V2-SEUL,,engine/system/mo6/sound/sn.3.const.asm
V2-SEUL,,engine/system/to8/sound/sn.3.const.asm
V2-SEUL,,engine/system/mo6/sound/sn.4.const.asm
V2-SEUL,,engine/system/to8/sound/sn.4.const.asm
DIFFERE,engine/sound/sn76489.asm,engine/sound/sn76489.asm
V2-SEUL,,engine/sound/sn76489.macro.asm
V1-SEUL,engine/sound/soundFX.asm,
V1-SEUL,engine/sound/soundFX.data.asm,
V1-SEUL,engine/sound/soundFX.macro.asm,
V1-SEUL,engine/graphics/sprite/sprite-background-erase-ext-pack.asm,
V1-SEUL,engine/graphics/sprite/sprite-background-erase-pack.asm,
V1-SEUL,engine/graphics/sprite/sprite-overlay-pack.asm,
V1-SEUL,engine/graphics/tilemap/Spritemap.asm,
V1-SEUL,engine/graphics/tilemap/data-types/spritemap.equ,
V2-SEUL,,engine/system/mo6/pack/std.asm
V2-SEUL,,engine/system/to8/pack/std.asm
V2-SEUL,,engine/config/storage.xml
V1-SEUL,engine/collision/struct_AABB.equ,
V1-SEUL,engine/graphics/tilemap/data-types/submap.equ,
V1-SEUL,engine/sound/Svgm.asm,
V1-SEUL,engine/megarom-t2/t2-flash.asm,
V1-SEUL,engine/megarom-t2/t2-test.asm,
V1-SEUL,engine/objects/collision/terrainCollision.asm,
V1-SEUL,engine/objects/collision/terrainCollision.macro.asm,
V1-SEUL,engine/objects/collision/terrainCollision.main.asm,
V1-SEUL,engine/sound/vgc/testbed.asm,
V1-SEUL,engine/graphics/tilemap/TileAnimScript.asm,
V1-SEUL,engine/graphics/tilemap/Tilemap.asm,
V1-SEUL,engine/graphics/tilemap/Tilemap16bits.asm,
V1-SEUL,engine/graphics/tilemap/TilemapBuffer.asm,
V1-SEUL,engine/graphics/tilemap/Tilemaps.asm,
V1-SEUL,engine/graphics/tilemap/vscroll/tiles.asm,
V1-SEUL,engine/graphics/tilemap/vscroll/tiles.const.asm,
V2-SEUL,,engine/timing/time.asm
V2-SEUL,,engine/timing/time.macro.asm
V2-SEUL,,engine/memory/malloc/tlsf-realloc.asm
V2-SEUL,,engine/memory/malloc/tlsf.asm
V2-SEUL,,engine/memory/malloc/tlsf.ut.asm
V2-SEUL,,engine/6809/types.const.asm
V1-SEUL,engine/graphics/sprite/background-erase-mode/UnsetDisplayPriority.asm,
DIFFERE,engine/objects/sound/vgc/vgc.asm,engine/pack/vgc.asm
DIFFERE,engine/objects/sound/vgc/vgc.asm,engine/sound/vgc.asm
V2-SEUL,,engine/sound/vgc.buffers.asm
V2-SEUL,,engine/sound/vgc.const.asm
V2-SEUL,,engine/sound/vgc.external.asm
V2-SEUL,,engine/sound/vgc.macro.asm
V1-SEUL,engine/sound/vgc/vgc_bass_demo.asm,
V1-SEUL,engine/sound/vgc/vgc_demo.asm,
V1-SEUL,engine/sound/vgc/lib/vgcplayer.asm,
V1-SEUL,engine/sound/vgc/lib/vgcplayer.h.asm,
V1-SEUL,engine/sound/vgc/lib/vgcplayer_bass.asm,
V1-SEUL,engine/sound/vgc/lib/vgcplayer_config.h.asm,
V1-SEUL,engine/sound/vgc/vgm_demo.asm,
V1-SEUL,engine/sound/vgc/lib/vgmplayer.asm,
V1-SEUL,engine/graphics/tilemap/vscroll/vscroll.asm,
V1-SEUL,engine/graphics/tilemap/vscroll/vscroll.macro.asm,
V1-SEUL,engine/graphics/vbl/WaitVBL.asm,
V2-SEUL,,engine/system/mo6/sound/ym.1.const.asm
V2-SEUL,,engine/system/to8/sound/ym.1.const.asm
V2-SEUL,,engine/system/mo6/sound/ym.2.const.asm
V2-SEUL,,engine/system/to8/sound/ym.2.const.asm
DIFFERE,engine/sound/ym2413.asm,engine/sound/ym2413.asm
V2-SEUL,,engine/sound/ym2413.macro.asm
V1-SEUL,engine/sound/YM2413vgm.asm,
V2-SEUL,,engine/sound/mucom88/ym2608.asm
V2-SEUL,,engine/sound/mucom88/ym2608.const.asm
DIFFERE,engine/objects/sound/ymm/ymm.asm,engine/pack/ymm.asm
DIFFERE,engine/objects/sound/ymm/ymm.asm,engine/sound/ymm.asm
DIFFERE,engine/objects/sound/ymm/ymm.const.asm,engine/sound/ymm.const.asm
V1-SEUL,engine/objects/sound/ymm/ymm.data.asm,
V2-SEUL,,engine/sound/ymm.external.asm
DIFFERE,engine/objects/sound/ymm/ymm.macro.asm,engine/sound/ymm.macro.asm
DIFFERE,engine/compression/zx0/zx0_6809_mega.asm,engine/compression/zx0/zx0_6809_mega.asm
DIFFERE,engine/compression/zx0/zx0_6809_mega_back.asm,engine/compression/zx0/zx0_6809_mega_back.asm
V1-SEUL,engine/compression/zx0/zx0_6809_standard.asm,
DIFFERE,engine/compression/zx0/zx0_6809_turbo.asm,engine/compression/zx0/zx0_6809_turbo.asm
V1-SEUL,engine/graphics/codec/zx0_mega.asm,
